[周三 2026/06/03  2:05:02.16] DaoEssence Daily Horoscope Start 
[AUTO] AUTO_DEPLOY=true，自动部署模式

[2026/6/3 02:05:02] 启动每日运势生成
生成日期: 2026-06-03  缓存版本: 20260603

--- 运行 generate-daily.js ---

🚀 开始生成 2026-06-03 生肖运势...

📅 今日黄历:
   干支: 戊戌（土）
   冲: 寅  |  六合: 巳  |  害: 亥  |  三合: 子,辰
   四柱: 丙午 癸巳 戊申 戊午

✨ 今日金句: 心若不动风又奈何

✍️  生成中文运势:
   🌟 AI生成运势成功 (512字)
   鼠 子: 上升 | 幸运数2 | 西北 | 丑 | 金句"心若不动风又奈何" | 512字
   🌟 AI生成运势成功 (467字)
   牛 丑: 一般 | 幸运数1 | 西北 | 子 | 金句"淡定从容是最好的状态" | 467字
   🌟 AI生成运势成功 (523字)
   虎 寅: 降低 | 幸运数4 | 西北 | 亥 | 金句"修心养性" | 523字
   🌟 AI生成运势成功 (447字)
   兔 卯: 一般 | 幸运数5 | 西北 | 戌 | 金句"一念放下万般自在" | 447字
   🌟 AI生成运势成功 (455字)
   龙 辰: 上升 | 幸运数5 | 西北 | 酉 | 金句"心简单世界就简单" | 455字
   🌟 AI生成运势成功 (432字)
   蛇 巳: 上升 | 幸运数4 | 西北 | 申 | 金句"温柔对待这个世界" | 432字
   🌟 AI生成运势成功 (574字)
   马 午: 一般 | 幸运数4 | 西北 | 未 | 金句"与自己和解" | 574字
   🌟 AI生成运势成功 (482字)
   羊 未: 一般 | 幸运数3 | 西北 | 午 | 金句"勇敢出发" | 482字
   🌟 AI生成运势成功 (439字)
   猴 申: 一般 | 幸运数5 | 西北 | 巳 | 金句"想做就去做" | 439字
   🌟 AI生成运势成功 (448字)
   鸡 酉: 一般 | 幸运数6 | 西北 | 辰 | 金句"行动是最好的答案" | 448字
   🌟 AI生成运势成功 (431字)
   狗 戌: 一般 | 幸运数2 | 西北 | 卯 | 金句"迈出第一步" | 431字
   🌟 AI生成运势成功 (409字)
   猪 亥: 降低 | 幸运数2 | 西北 | 寅 | 金句"趁年轻去追梦" | 409字

🌐 生成英文运势:
   🌐 AI翻译成功 (1943 chars)
   Rat: Rising luck - an excellent day for all e... (1861 words)
   🌐 AI翻译成功 (1819 chars)
   Ox: Balanced day - steady progress without m... (1762 words)
   🌐 AI翻译成功 (1997 chars)
   Tiger: Challenging energy - caution and restrai... (1914 words)
   🌐 AI翻译成功 (1905 chars)
   Rabbit: Balanced day - steady progress without m... (1845 words)
   🌐 AI翻译成功 (1791 chars)
   Dragon: Rising luck - an excellent day for all e... (1726 words)
   🌐 AI翻译成功 (1713 chars)
   Snake: Rising luck - an excellent day for all e... (1615 words)
   🌐 AI翻译成功 (2012 chars)
   Horse: Balanced day - steady progress without m... (1926 words)
   🌐 AI翻译成功 (1970 chars)
   Goat: Balanced day - steady progress without m... (1863 words)
   🌐 AI翻译成功 (1668 chars)
   Monkey: Balanced day - steady progress without m... (1561 words)
   🌐 AI翻译成功 (1991 chars)
   Rooster: Balanced day - steady progress without m... (1918 words)
   🌐 AI翻译成功 (1735 chars)
   Dog: Balanced day - steady progress without m... (1658 words)
   🌐 AI翻译成功 (1731 chars)
   Pig: Challenging energy - caution and restrai... (1647 words)

💾 保存文件...
✅ SEO内容已保存: zodiac/seo-content/2026-06-03.json
✅ zodiac-data.js 已更新并验证通过

🏗️  生成静态详情页（永久URL）...
   ✅ 鼠 / Rat: rat.html + rat-en.html
   ✅ 牛 / Ox: ox.html + ox-en.html
   ✅ 虎 / Tiger: tiger.html + tiger-en.html
   ✅ 兔 / Rabbit: rabbit.html + rabbit-en.html
   ✅ 龙 / Dragon: dragon.html + dragon-en.html
   ✅ 蛇 / Snake: snake.html + snake-en.html
   ✅ 马 / Horse: horse.html + horse-en.html
   ✅ 羊 / Goat: goat.html + goat-en.html
   ✅ 猴 / Monkey: monkey.html + monkey-en.html
   ✅ 鸡 / Rooster: rooster.html + rooster-en.html
   ✅ 狗 / Dog: dog.html + dog-en.html
   ✅ 猪 / Pig: pig.html + pig-en.html
✅ 12个静态详情页已生成（永久URL，无date参数）

📦 Git 提交指令:
   git add zodiac/js/zodiac-data.js zodiac/seo-content/2026-06-03.json zodiac/rat.html zodiac/rat-en.html ... zodiac/pig-en.html
   git commit -m "chore: 2026-06-03 daily horoscope + 12 static detail pages"
   git push

✅ 生成完成！

⚠️  聚合页无变化，跳过写入

--- 切换 to main 分支 ---
  pulling latest main...
fatal: unable to access 'https://github.com/pixuan1989/dao-essence-shop.git/': Recv failure: Connection was reset
❌ 切换分支失败: Command failed: git pull origin main

══════════════════════════════════════════════════
❌ 部署失败通知
══════════════════════════════════════════════════
[部署失败] 2026-06-03
原因: 切换 main 分支失败
详情: Command failed: git pull origin main
══════════════════════════════════════════════════

node:internal/errors:985
  const err = new Error(message);
              ^

Error: Command failed: node "C:\Users\agenew\Desktop\DaoEssence1.0\scripts\daily-run.js" 2026-06-03
    at genericNodeError (node:internal/errors:985:15)
    at wrappedFn (node:internal/errors:539:14)
    at checkExecSyncError (node:child_process:925:11)
    at execSync (node:child_process:997:15)
    at file:///C:/Users/agenew/Desktop/DaoEssence1.0/scripts/daily-run-auto.js:19:1
    at ModuleJob.run (node:internal/modules/esm/module_job:413:25)
    at async onImport.tracePromise.__proto__ (node:internal/modules/esm/loader:660:26)
    at async asyncRunEntryPointWithESMLoader (node:internal/modules/run_main:101:5) {
  status: 1,
  signal: null,
  output: [ null, null, null ],
  pid: 42768,
  stdout: null,
  stderr: null
}

Node.js v24.12.0
[周三 2026/06/03  2:09:20.65] ERROR: exit code 1 
[周三 2026/06/03  2:09:20.66] DaoEssence Daily Horoscope End 
[周四 2026/06/04  2:05:01.48] DaoEssence Daily Horoscope Start 
[AUTO] AUTO_DEPLOY=true，自动部署模式

[2026/6/4 02:05:01] 启动每日运势生成
生成日期: 2026-06-04  缓存版本: 20260604

--- 运行 generate-daily.js ---

🚀 开始生成 2026-06-04 生肖运势...

⚠️  2026-06-04.json 已存在，跳过生成（如需重新生成请先删除该文件）

⚠️  聚合页无变化，跳过写入

--- 切换 to main 分支 ---
  pulling latest main...
fatal: unable to access 'https://github.com/pixuan1989/dao-essence-shop.git/': Recv failure: Connection was reset
❌ 切换分支失败: Command failed: git pull origin main

══════════════════════════════════════════════════
❌ 部署失败通知
══════════════════════════════════════════════════
[部署失败] 2026-06-04
原因: 切换 main 分支失败
详情: Command failed: git pull origin main
══════════════════════════════════════════════════

node:internal/errors:985
  const err = new Error(message);
              ^

Error: Command failed: node "C:\Users\agenew\Desktop\DaoEssence1.0\scripts\daily-run.js" 2026-06-04
    at genericNodeError (node:internal/errors:985:15)
    at wrappedFn (node:internal/errors:539:14)
    at checkExecSyncError (node:child_process:925:11)
    at execSync (node:child_process:997:15)
    at file:///C:/Users/agenew/Desktop/DaoEssence1.0/scripts/daily-run-auto.js:19:1
    at ModuleJob.run (node:internal/modules/esm/module_job:413:25)
    at async onImport.tracePromise.__proto__ (node:internal/modules/esm/loader:660:26)
    at async asyncRunEntryPointWithESMLoader (node:internal/modules/run_main:101:5) {
  status: 1,
  signal: null,
  output: [ null, null, null ],
  pid: 26836,
  stdout: null,
  stderr: null
}

Node.js v24.12.0
[周四 2026/06/04  2:05:22.48] ERROR: exit code 1 
[周四 2026/06/04  2:05:22.50] DaoEssence Daily Horoscope End 
[周五 2026/06/05  2:05:01.56] DaoEssence Daily Horoscope Start 
[AUTO] AUTO_DEPLOY=true，自动部署模式

[2026/6/5 02:05:01] 启动每日运势生成
生成日期: 2026-06-05  缓存版本: 20260605

--- 运行 generate-daily.js ---

🚀 开始生成 2026-06-05 生肖运势...

⚠️  2026-06-05.json 已存在，跳过生成（如需重新生成请先删除该文件）

⚠️  聚合页无变化，跳过写入

--- 切换 to main 分支 ---
  pulling latest main...
From https://github.com/pixuan1989/dao-essence-shop
 * branch              main       -> FETCH_HEAD
Already up to date.
✅ 已切换到 main 分支并拉取最新代码

--- 构建 + Git 提交 + 推送 ---

 运行 build-blog.js 重建博客页...
=== Blog Build Started ===
Copying project to dist/...
  Copied: lunar.js -> dist/lunar.js
  Cleaned: dist/blog/posts/ (Markdown sources)
  Cleaned: dist/blog/posts-zh/ (Markdown sources)
Found 39 English articles
Syncing product Chinese translations...
🔄 Syncing product Chinese translations...
  📋 Existing translations: 7 products
  ⚠️ CREEM_API_KEY not set, cannot fetch products
  ℹ️ No products fetched, keeping existing map
Product translation sync complete.
Checking for articles needing translation...
  Loaded 146 translation terms
  All 39 articles already translated
Translation step complete. 39 zh articles available.
  Generated: dist/blog/10-home-feng-shui-hacks-that-actually-work-backed-by-energy-psychology.html
  Generated: dist/blog/3-places-to-visit-when-bad-luck.html
  Generated: dist/blog/auspicious-date-selection-a-practical-guide.html
  Generated: dist/blog/bazi-10-day-masters-guide.html
  Generated: dist/blog/bazi-10-year-luck-cycles-guide.html
  Generated: dist/blog/bazi-ten-gods-friendship-patterns.html
  Generated: dist/blog/ben-ming-nian-why-your-zodiac-year-matters-in-bazi.html
  Generated: dist/blog/birth-hours-wealth-personalities-a-western-friendly-guide.html
  Generated: dist/blog/chinese-zodiac-daily-forecast-thursday-april-16-2026.html
  Generated: dist/blog/door-facing-door-feng-shui-energy-clash.html
  Generated: dist/blog/elon-musk-bazi-chart-analysis.html
  Generated: dist/blog/feng-shui-4-items-dont-replace.html
  Generated: dist/blog/feng-shui-headboard-placement-5-rules.html
  Generated: dist/blog/feng-shui-home-office-7-rules.html
  Generated: dist/blog/feng-shui-tips-before-buying-house.html
  Generated: dist/blog/five-elements-theory-wu-xing-guide.html
  Generated: dist/blog/heavenly-stems-compatibility-love-match.html
  Generated: dist/blog/how-to-choose-the-best-date-for-any-important-life-event.html
  Generated: dist/blog/how-to-choose-your-phone-wallpaper-using-chinese-five-elements.html
  Generated: dist/blog/how-to-read-bazi-chart.html
  Generated: dist/blog/is-bazi-real-skeptics-guide.html
  Generated: dist/blog/is-weak-day-master-bad-bazi.html
  Generated: dist/blog/jia-wu-month-2026-best-day-masters.html
  Generated: dist/blog/jia-wu-month-june-2026-fire-energy-warning.html
  Generated: dist/blog/teach-yourself-bazi-guide.html
  Generated: dist/blog/learn-bazi-free-course.html
  Generated: dist/blog/love-prediction-by-date-of-birth.html
  Generated: dist/blog/seven-killings-bazi-wealth-star.html
  Generated: dist/blog/she-was-36-divorced-bazi-love-story.html
  Generated: dist/blog/the-mbti-alternative-angle.html
  Generated: dist/blog/toxic-relationship-energy-bazi-compatibility.html
  Generated: dist/blog/trump-bazi-fire-earth.html
  Generated: dist/blog/what-is-bazi-beginners-guide.html
  Generated: dist/blog/when-will-i-find-love.html
  Generated: dist/blog/where-will-i-meet-my-soulmate.html
  Generated: dist/blog/why-am-i-depressed-bazi-cycles-10-year-luck-periods-explained.html
  Generated: dist/blog/zodiac-reading-vs-bazi.html
  Generated: dist/blog/yi-wood-may-2026-gui-si-month.html
  Generated: dist/blog/five-virtues-five-elements.html
  Generated: dist/zh/blog/10-home-feng-shui-hacks-that-actually-work-backed-by-energy-psychology.html
  Generated: dist/zh/blog/3-places-to-visit-when-bad-luck.html
  Generated: dist/zh/blog/auspicious-date-selection-a-practical-guide.html
  Generated: dist/zh/blog/bazi-10-day-masters-guide.html
  Generated: dist/zh/blog/bazi-10-year-luck-cycles-guide.html
  Generated: dist/zh/blog/bazi-ten-gods-friendship-patterns.html
  Generated: dist/zh/blog/ben-ming-nian-why-your-zodiac-year-matters-in-bazi.html
  Generated: dist/zh/blog/birth-hours-wealth-personalities-a-western-friendly-guide.html
  Generated: dist/zh/blog/chinese-zodiac-daily-forecast-thursday-april-16-2026.html
  Generated: dist/zh/blog/door-facing-door-feng-shui-energy-clash.html
  Generated: dist/zh/blog/elon-musk-bazi-chart-analysis.html
  Generated: dist/zh/blog/feng-shui-4-items-dont-replace.html
  Generated: dist/zh/blog/feng-shui-headboard-placement-5-rules.html
  Generated: dist/zh/blog/feng-shui-home-office-7-rules.html
  Generated: dist/zh/blog/feng-shui-tips-before-buying-house.html
  Generated: dist/zh/blog/five-elements-theory-wu-xing-guide.html
  Generated: dist/zh/blog/heavenly-stems-compatibility-love-match.html
  Generated: dist/zh/blog/how-to-choose-the-best-date-for-any-important-life-event.html
  Generated: dist/zh/blog/how-to-choose-your-phone-wallpaper-using-chinese-five-elements.html
  Generated: dist/zh/blog/how-to-read-bazi-chart.html
  Generated: dist/zh/blog/is-bazi-real-skeptics-guide.html
  Generated: dist/zh/blog/is-weak-day-master-bad-bazi.html
  Generated: dist/zh/blog/jia-wu-month-2026-best-day-masters.html
  Generated: dist/zh/blog/jia-wu-month-june-2026-fire-energy-warning.html
  Generated: dist/zh/blog/teach-yourself-bazi-guide.html
  Generated: dist/zh/blog/learn-bazi-free-course.html
  Generated: dist/zh/blog/love-prediction-by-date-of-birth.html
  Generated: dist/zh/blog/seven-killings-bazi-wealth-star.html
  Generated: dist/zh/blog/she-was-36-divorced-bazi-love-story.html
  Generated: dist/zh/blog/the-mbti-alternative-angle.html
  Generated: dist/zh/blog/toxic-relationship-energy-bazi-compatibility.html
  Generated: dist/zh/blog/trump-bazi-fire-earth.html
  Generated: dist/zh/blog/what-is-bazi-beginners-guide.html
  Generated: dist/zh/blog/when-will-i-find-love.html
  Generated: dist/zh/blog/where-will-i-meet-my-soulmate.html
  Generated: dist/zh/blog/why-am-i-depressed-bazi-cycles-10-year-luck-periods-explained.html
  Generated: dist/zh/blog/zodiac-reading-vs-bazi.html
  Generated: dist/zh/blog/yi-wood-may-2026-gui-si-month.html
  Generated: dist/zh/blog/five-virtues-five-elements.html
  Generated: dist/zh/blog/elon-musk-bazi-chart-analysis.html
  Generated: dist/zh/blog/feng-shui-4-items-dont-replace.html
  Generated: dist/zh/blog/feng-shui-tips-before-buying-house.html
  Generated: dist/zh/blog/teach-yourself-bazi-guide.html
  Generated: dist/zh/blog/zodiac-reading-vs-bazi.html
  Generated: dist/zh/blog/five-virtues-five-elements.html
  Updated: dist/blog/bazi-astrology.html (28 articles)
  Updated: dist/blog/zodiac-horoscope.html (1 articles)
  Updated: dist/blog/feng-shui.html (10 articles)
  Generated: dist/zh/blog/bazi-astrology.html (32 articles)
  Generated: dist/zh/blog/zodiac-horoscope.html (1 articles)
  Generated: dist/zh/blog/feng-shui.html (12 articles)
  Updated: dist/blog/index.html
  Generated: dist/zh/blog/index.html
Generating bazi-recommendations.json...
  Generated: bazi-calculator/bazi-recommendations.json (5 articles)
Injecting articles into homepage...
  Pinned: 6, Regular: 0, Total: 6
  Updated: index.html (6 articles: 6 pinned + 0 latest)
Generating zh homepage...
  Generated: dist/zh/index.html (6 zh articles)
Copying wallpaper pages...
  Generated: dist/wallpaper.html
  Generated: dist/wallpaper-detail.html (with injected wp-data)
  Generated: dist/wallpapers.json

Generating wallpaper static pages...
  ✅ No new wallpapers to generate
Generating sitemap.xml...
  Added 80 wallpaper URLs to sitemap
  Generated: sitemap.xml (216 URLs)
Pinging Bing...
  Bing: 410 Gone
Generating clean URLs (incremental)...
  about.html -> about/index.html
  admin\stats.html -> admin\stats/index.html
  almanac-cards-preview.html -> almanac-cards-preview/index.html
  almanac.html -> almanac/index.html
  bazi-calculator\bazi-result.html -> bazi-calculator\bazi-result/index.html
  bazi-calculator\debug-output.html -> bazi-calculator\debug-output/index.html
  bazi-form.html -> bazi-form/index.html
  bazi-orders.html -> bazi-orders/index.html
  blog\10-home-feng-shui-hacks-that-actually-work-backed-by-energy-psychology.html -> blog\10-home-feng-shui-hacks-that-actually-work-backed-by-energy-psychology/index.html
  blog\3-places-to-visit-when-bad-luck.html -> blog\3-places-to-visit-when-bad-luck/index.html
  blog\auspicious-date-selection-a-practical-guide.html -> blog\auspicious-date-selection-a-practical-guide/index.html
  blog\bazi-10-day-masters-guide.html -> blog\bazi-10-day-masters-guide/index.html
  blog\bazi-10-year-luck-cycles-guide.html -> blog\bazi-10-year-luck-cycles-guide/index.html
  blog\bazi-astrology.html -> blog\bazi-astrology/index.html
  blog\bazi-ten-gods-friendship-patterns.html -> blog\bazi-ten-gods-friendship-patterns/index.html
  blog\ben-ming-nian-why-your-zodiac-year-matters-in-bazi.html -> blog\ben-ming-nian-why-your-zodiac-year-matters-in-bazi/index.html
  blog\birth-hours-wealth-personalities-a-western-friendly-guide.html -> blog\birth-hours-wealth-personalities-a-western-friendly-guide/index.html
  blog\chinese-zodiac-daily-forecast-thursday-april-16-2026.html -> blog\chinese-zodiac-daily-forecast-thursday-april-16-2026/index.html
  blog\door-facing-door-feng-shui-energy-clash.html -> blog\door-facing-door-feng-shui-energy-clash/index.html
  blog\elon-musk-bazi-chart-analysis.html -> blog\elon-musk-bazi-chart-analysis/index.html
  blog\feng-shui-4-items-dont-replace.html -> blog\feng-shui-4-items-dont-replace/index.html
  blog\feng-shui-headboard-placement-5-rules.html -> blog\feng-shui-headboard-placement-5-rules/index.html
  blog\feng-shui-home-office-7-rules.html -> blog\feng-shui-home-office-7-rules/index.html
  blog\feng-shui-tips-before-buying-house.html -> blog\feng-shui-tips-before-buying-house/index.html
  blog\feng-shui.html -> blog\feng-shui/index.html
  blog\five-elements-theory-wu-xing-guide.html -> blog\five-elements-theory-wu-xing-guide/index.html
  blog\five-virtues-five-elements.html -> blog\five-virtues-five-elements/index.html
  blog\heavenly-stems-compatibility-love-match.html -> blog\heavenly-stems-compatibility-love-match/index.html
  blog\how-to-choose-the-best-date-for-any-important-life-event.html -> blog\how-to-choose-the-best-date-for-any-important-life-event/index.html
  blog\how-to-choose-your-phone-wallpaper-using-chinese-five-elements.html -> blog\how-to-choose-your-phone-wallpaper-using-chinese-five-elements/index.html
  blog\how-to-read-bazi-chart.html -> blog\how-to-read-bazi-chart/index.html
  blog\is-bazi-real-skeptics-guide.html -> blog\is-bazi-real-skeptics-guide/index.html
  blog\is-weak-day-master-bad-bazi.html -> blog\is-weak-day-master-bad-bazi/index.html
  blog\jia-wu-month-2026-best-day-masters.html -> blog\jia-wu-month-2026-best-day-masters/index.html
  blog\jia-wu-month-june-2026-fire-energy-warning.html -> blog\jia-wu-month-june-2026-fire-energy-warning/index.html
  blog\learn-bazi-free-course.html -> blog\learn-bazi-free-course/index.html
  blog\love-prediction-by-date-of-birth.html -> blog\love-prediction-by-date-of-birth/index.html
  blog\seven-killings-bazi-wealth-star.html -> blog\seven-killings-bazi-wealth-star/index.html
  blog\she-was-36-divorced-bazi-love-story.html -> blog\she-was-36-divorced-bazi-love-story/index.html
  blog\teach-yourself-bazi-guide.html -> blog\teach-yourself-bazi-guide/index.html
  blog\the-mbti-alternative-angle.html -> blog\the-mbti-alternative-angle/index.html
  blog\toxic-relationship-energy-bazi-compatibility.html -> blog\toxic-relationship-energy-bazi-compatibility/index.html
  blog\trump-bazi-fire-earth.html -> blog\trump-bazi-fire-earth/index.html
  blog\what-is-bazi-beginners-guide.html -> blog\what-is-bazi-beginners-guide/index.html
  blog\when-will-i-find-love.html -> blog\when-will-i-find-love/index.html
  blog\where-will-i-meet-my-soulmate.html -> blog\where-will-i-meet-my-soulmate/index.html
  blog\why-am-i-depressed-bazi-cycles-10-year-luck-periods-explained.html -> blog\why-am-i-depressed-bazi-cycles-10-year-luck-periods-explained/index.html
  blog\yi-wood-may-2026-gui-si-month.html -> blog\yi-wood-may-2026-gui-si-month/index.html
  blog\zodiac-horoscope.html -> blog\zodiac-horoscope/index.html
  blog\zodiac-reading-vs-bazi.html -> blog\zodiac-reading-vs-bazi/index.html
  checkout.html -> checkout/index.html
  culture.html -> culture/index.html
  favorable-element.html -> favorable-element/index.html
  feng-shui-home-office-7-rules-medium.html -> feng-shui-home-office-7-rules-medium/index.html
  five-elements-test.html -> five-elements-test/index.html
  guide.html -> guide/index.html
  learn-bazi\career-love.html -> learn-bazi\career-love/index.html
  learn-bazi\education-timing.html -> learn-bazi\education-timing/index.html
  learn-bazi\luck-pillars.html -> learn-bazi\luck-pillars/index.html
  learn-bazi\practical.html -> learn-bazi\practical/index.html
  learn-bazi\spirit-stars.html -> learn-bazi\spirit-stars/index.html
  learn-bazi\what-is-bazi.html -> learn-bazi\what-is-bazi/index.html
  learn-bazi.html -> learn-bazi/index.html
  login.html -> login/index.html
  order-confirm.html -> order-confirm/index.html
  payment-success.html -> payment-success/index.html
  privacy.html -> privacy/index.html
  product-detail.html -> product-detail/index.html
  redeem.html -> redeem/index.html
  reports\health-2026-04-24.html -> reports\health-2026-04-24/index.html
  reports\health-2026-04-25.html -> reports\health-2026-04-25/index.html
  reports\health-2026-04-26.html -> reports\health-2026-04-26/index.html
  reports\health-2026-04-27.html -> reports\health-2026-04-27/index.html
  reports\health-2026-04-28.html -> reports\health-2026-04-28/index.html
  reports\health-2026-04-29.html -> reports\health-2026-04-29/index.html
  reports\health-2026-04-30.html -> reports\health-2026-04-30/index.html
  reports\health-2026-05-01.html -> reports\health-2026-05-01/index.html
  reports\health-2026-05-06.html -> reports\health-2026-05-06/index.html
  reports\health-2026-05-07.html -> reports\health-2026-05-07/index.html
  reports\health-2026-05-08.html -> reports\health-2026-05-08/index.html
  reports\health-2026-05-09.html -> reports\health-2026-05-09/index.html
  reports\health-2026-05-10.html -> reports\health-2026-05-10/index.html
  reports\health-2026-05-11.html -> reports\health-2026-05-11/index.html
  reports\health-2026-05-12.html -> reports\health-2026-05-12/index.html
  reports\health-2026-05-13.html -> reports\health-2026-05-13/index.html
  reports\health-2026-05-14.html -> reports\health-2026-05-14/index.html
  reports\health-2026-05-15.html -> reports\health-2026-05-15/index.html
  reports\health-2026-05-16.html -> reports\health-2026-05-16/index.html
  reports\health-2026-05-17.html -> reports\health-2026-05-17/index.html
  reports\health-2026-05-18.html -> reports\health-2026-05-18/index.html
  reports\health-2026-05-22.html -> reports\health-2026-05-22/index.html
  shop.html -> shop/index.html
  soulmate-calculator.html -> soulmate-calculator/index.html
  success.html -> success/index.html
  terms.html -> terms/index.html
  wallpaper\celestial-dragon-wallpaper-feng-shui\index.zh.html -> wallpaper\celestial-dragon-wallpaper-feng-shui\index.zh/index.html
  wallpaper\celestial-serenity-wallpaper-ethereal-goddess-phone-background\index.zh.html -> wallpaper\celestial-serenity-wallpaper-ethereal-goddess-phone-background\index.zh/index.html
  wallpaper\cosmic-energy-galaxy-wallpaper-phone-background\index.zh.html -> wallpaper\cosmic-energy-galaxy-wallpaper-phone-background\index.zh/index.html
  wallpaper\dao-essentia-feng-shui-wallpaper\index.zh.html -> wallpaper\dao-essentia-feng-shui-wallpaper\index.zh/index.html
  wallpaper\dao-essentia-feng-shui-wallpaper-2\index.zh.html -> wallpaper\dao-essentia-feng-shui-wallpaper-2\index.zh/index.html
  wallpaper\dao-essentia-feng-shui-wallpaper-3\index.zh.html -> wallpaper\dao-essentia-feng-shui-wallpaper-3\index.zh/index.html
  wallpaper\dao-essentia-feng-shui-wallpaper-4\index.zh.html -> wallpaper\dao-essentia-feng-shui-wallpaper-4\index.zh/index.html
  wallpaper\dao-essentia-feng-shui-wallpaper-5\index.zh.html -> wallpaper\dao-essentia-feng-shui-wallpaper-5\index.zh/index.html
  wallpaper\dao-essentia-feng-shui-wallpaper-6\index.zh.html -> wallpaper\dao-essentia-feng-shui-wallpaper-6\index.zh/index.html
  wallpaper\dao-essentia-forest-energy-wallpaper\index.zh.html -> wallpaper\dao-essentia-forest-energy-wallpaper\index.zh/index.html
  wallpaper\dao-essentia-ocean-energy-wallpaper\index.zh.html -> wallpaper\dao-essentia-ocean-energy-wallpaper\index.zh/index.html
  wallpaper\daoist-talisman-wallpaper-luck-prosperity-design\index.zh.html -> wallpaper\daoist-talisman-wallpaper-luck-prosperity-design\index.zh/index.html
  wallpaper\divine-feng-shui-wallpaper-empower-home-yuanmu\index.zh.html -> wallpaper\divine-feng-shui-wallpaper-empower-home-yuanmu\index.zh/index.html
  wallpaper\divine-immortal-wallpaper\index.zh.html -> wallpaper\divine-immortal-wallpaper\index.zh/index.html
  wallpaper\divine-palace-wallpaper-feng-shui\index.zh.html -> wallpaper\divine-palace-wallpaper-feng-shui\index.zh/index.html
  wallpaper\divine-tree-wallpaper-feng-shui\index.zh.html -> wallpaper\divine-tree-wallpaper-feng-shui\index.zh/index.html
  wallpaper\elegant-green-koi-feng-shui-wallpaper-luck-prosperity\index.zh.html -> wallpaper\elegant-green-koi-feng-shui-wallpaper-luck-prosperity\index.zh/index.html
  wallpaper\feng-shui-fire-energy-wallpaper\index.zh.html -> wallpaper\feng-shui-fire-energy-wallpaper\index.zh/index.html
  wallpaper\feng-shui-forest-wallpaper\index.zh.html -> wallpaper\feng-shui-forest-wallpaper\index.zh/index.html
  wallpaper\feng-shui-lotus-wallpaper\index.zh.html -> wallpaper\feng-shui-lotus-wallpaper\index.zh/index.html
  wallpaper\forest-fire-lucky-wallpaper-energy-nature-harmony\index.zh.html -> wallpaper\forest-fire-lucky-wallpaper-energy-nature-harmony\index.zh/index.html
  wallpaper\fortune-awaits-lucky-red-shang-chuan-feng-shui-wallpaper\index.zh.html -> wallpaper\fortune-awaits-lucky-red-shang-chuan-feng-shui-wallpaper\index.zh/index.html
  wallpaper\golden-cascade-feng-shui-wallpaper\index.zh.html -> wallpaper\golden-cascade-feng-shui-wallpaper\index.zh/index.html
  wallpaper\golden-fire-azure-water-fusion-wallpaper\index.zh.html -> wallpaper\golden-fire-azure-water-fusion-wallpaper\index.zh/index.html
  wallpaper\golden-gourd-feng-shui-wallpaper\index.zh.html -> wallpaper\golden-gourd-feng-shui-wallpaper\index.zh/index.html
  wallpaper\golden-mountain-energy-wallpaper\index.zh.html -> wallpaper\golden-mountain-energy-wallpaper\index.zh/index.html
  wallpaper\golden-mountain-feng-shui-wallpaper\index.zh.html -> wallpaper\golden-mountain-feng-shui-wallpaper\index.zh/index.html
  wallpaper\golden-stream-feng-shui-wallpaper\index.zh.html -> wallpaper\golden-stream-feng-shui-wallpaper\index.zh/index.html
  wallpaper\golden-sunset-beach-wallpaper\index.zh.html -> wallpaper\golden-sunset-beach-wallpaper\index.zh/index.html
  wallpaper\jade-gourd-feng-shui-wallpaper\index.zh.html -> wallpaper\jade-gourd-feng-shui-wallpaper\index.zh/index.html
  wallpaper\lotus-flower-feng-shui-wallpaper-harmonize-space\index.zh.html -> wallpaper\lotus-flower-feng-shui-wallpaper-harmonize-space\index.zh/index.html
  wallpaper\lucky-four-leaf-clover-wallpaper\index.zh.html -> wallpaper\lucky-four-leaf-clover-wallpaper\index.zh/index.html
  wallpaper\matterhorn-feng-shui-wallpaper\index.zh.html -> wallpaper\matterhorn-feng-shui-wallpaper\index.zh/index.html
  wallpaper\moonlit-fairy-wallpaper\index.zh.html -> wallpaper\moonlit-fairy-wallpaper\index.zh/index.html
  wallpaper\mountain-peak-feng-shui-wallpaper\index.zh.html -> wallpaper\mountain-peak-feng-shui-wallpaper\index.zh/index.html
  wallpaper\natures-serenity-green-forest-lake-wallpaper\index.zh.html -> wallpaper\natures-serenity-green-forest-lake-wallpaper\index.zh/index.html
  wallpaper\phoenix-goddess-wallpaper\index.zh.html -> wallpaper\phoenix-goddess-wallpaper\index.zh/index.html
  wallpaper\purple-qi-arrival-feng-shui-wallpaper-phone-background\index.zh.html -> wallpaper\purple-qi-arrival-feng-shui-wallpaper-phone-background\index.zh/index.html
  wallpaper\starseed-energy-wallpaper\index.zh.html -> wallpaper\starseed-energy-wallpaper\index.zh/index.html
  wallpaper\wallpaper_1780495381\index.zh.html -> wallpaper\wallpaper_1780495381\index.zh/index.html
  wallpaper\wallpaper_1780587687\index.zh.html -> wallpaper\wallpaper_1780587687\index.zh/index.html
  wallpaper-detail.html -> wallpaper-detail/index.html
  wallpaper.html -> wallpaper/index.html
  yi-wood-may-2026-medium.html -> yi-wood-may-2026-medium/index.html
  zh\blog\10-home-feng-shui-hacks-that-actually-work-backed-by-energy-psychology.html -> zh\blog\10-home-feng-shui-hacks-that-actually-work-backed-by-energy-psychology/index.html
  zh\blog\3-places-to-visit-when-bad-luck.html -> zh\blog\3-places-to-visit-when-bad-luck/index.html
  zh\blog\auspicious-date-selection-a-practical-guide.html -> zh\blog\auspicious-date-selection-a-practical-guide/index.html
  zh\blog\bazi-10-day-masters-guide.html -> zh\blog\bazi-10-day-masters-guide/index.html
  zh\blog\bazi-10-year-luck-cycles-guide.html -> zh\blog\bazi-10-year-luck-cycles-guide/index.html
  zh\blog\bazi-astrology.html -> zh\blog\bazi-astrology/index.html
  zh\blog\bazi-ten-gods-friendship-patterns.html -> zh\blog\bazi-ten-gods-friendship-patterns/index.html
  zh\blog\ben-ming-nian-why-your-zodiac-year-matters-in-bazi.html -> zh\blog\ben-ming-nian-why-your-zodiac-year-matters-in-bazi/index.html
  zh\blog\birth-hours-wealth-personalities-a-western-friendly-guide.html -> zh\blog\birth-hours-wealth-personalities-a-western-friendly-guide/index.html
  zh\blog\chinese-zodiac-daily-forecast-thursday-april-16-2026.html -> zh\blog\chinese-zodiac-daily-forecast-thursday-april-16-2026/index.html
  zh\blog\door-facing-door-feng-shui-energy-clash.html -> zh\blog\door-facing-door-feng-shui-energy-clash/index.html
  zh\blog\elon-musk-bazi-chart-analysis.html -> zh\blog\elon-musk-bazi-chart-analysis/index.html
  zh\blog\feng-shui-4-items-dont-replace.html -> zh\blog\feng-shui-4-items-dont-replace/index.html
  zh\blog\feng-shui-headboard-placement-5-rules.html -> zh\blog\feng-shui-headboard-placement-5-rules/index.html
  zh\blog\feng-shui-home-office-7-rules.html -> zh\blog\feng-shui-home-office-7-rules/index.html
  zh\blog\feng-shui-tips-before-buying-house.html -> zh\blog\feng-shui-tips-before-buying-house/index.html
  zh\blog\feng-shui.html -> zh\blog\feng-shui/index.html
  zh\blog\five-elements-theory-wu-xing-guide.html -> zh\blog\five-elements-theory-wu-xing-guide/index.html
  zh\blog\five-virtues-five-elements.html -> zh\blog\five-virtues-five-elements/index.html
  zh\blog\heavenly-stems-compatibility-love-match.html -> zh\blog\heavenly-stems-compatibility-love-match/index.html
  zh\blog\how-to-choose-the-best-date-for-any-important-life-event.html -> zh\blog\how-to-choose-the-best-date-for-any-important-life-event/index.html
  zh\blog\how-to-choose-your-phone-wallpaper-using-chinese-five-elements.html -> zh\blog\how-to-choose-your-phone-wallpaper-using-chinese-five-elements/index.html
  zh\blog\how-to-read-bazi-chart.html -> zh\blog\how-to-read-bazi-chart/index.html
  zh\blog\is-bazi-real-skeptics-guide.html -> zh\blog\is-bazi-real-skeptics-guide/index.html
  zh\blog\is-weak-day-master-bad-bazi.html -> zh\blog\is-weak-day-master-bad-bazi/index.html
  zh\blog\jia-wu-month-2026-best-day-masters.html -> zh\blog\jia-wu-month-2026-best-day-masters/index.html
  zh\blog\jia-wu-month-june-2026-fire-energy-warning.html -> zh\blog\jia-wu-month-june-2026-fire-energy-warning/index.html
  zh\blog\learn-bazi-free-course.html -> zh\blog\learn-bazi-free-course/index.html
  zh\blog\love-prediction-by-date-of-birth.html -> zh\blog\love-prediction-by-date-of-birth/index.html
  zh\blog\seven-killings-bazi-wealth-star.html -> zh\blog\seven-killings-bazi-wealth-star/index.html
  zh\blog\she-was-36-divorced-bazi-love-story.html -> zh\blog\she-was-36-divorced-bazi-love-story/index.html
  zh\blog\teach-yourself-bazi-guide.html -> zh\blog\teach-yourself-bazi-guide/index.html
  zh\blog\the-mbti-alternative-angle.html -> zh\blog\the-mbti-alternative-angle/index.html
  zh\blog\toxic-relationship-energy-bazi-compatibility.html -> zh\blog\toxic-relationship-energy-bazi-compatibility/index.html
  zh\blog\trump-bazi-fire-earth.html -> zh\blog\trump-bazi-fire-earth/index.html
  zh\blog\what-is-bazi-beginners-guide.html -> zh\blog\what-is-bazi-beginners-guide/index.html
  zh\blog\when-will-i-find-love.html -> zh\blog\when-will-i-find-love/index.html
  zh\blog\where-will-i-meet-my-soulmate.html -> zh\blog\where-will-i-meet-my-soulmate/index.html
  zh\blog\why-am-i-depressed-bazi-cycles-10-year-luck-periods-explained.html -> zh\blog\why-am-i-depressed-bazi-cycles-10-year-luck-periods-explained/index.html
  zh\blog\yi-wood-may-2026-gui-si-month.html -> zh\blog\yi-wood-may-2026-gui-si-month/index.html
  zh\blog\zodiac-horoscope.html -> zh\blog\zodiac-horoscope/index.html
  zh\blog\zodiac-reading-vs-bazi.html -> zh\blog\zodiac-reading-vs-bazi/index.html
  zodiac\dog-en.html -> zodiac\dog-en/index.html
  zodiac\dog.html -> zodiac\dog/index.html
  zodiac\dragon-en.html -> zodiac\dragon-en/index.html
  zodiac\dragon.html -> zodiac\dragon/index.html
  zodiac\goat-en.html -> zodiac\goat-en/index.html
  zodiac\goat.html -> zodiac\goat/index.html
  zodiac\horse-en.html -> zodiac\horse-en/index.html
  zodiac\horse.html -> zodiac\horse/index.html
  zodiac\monkey-en.html -> zodiac\monkey-en/index.html
  zodiac\monkey.html -> zodiac\monkey/index.html
  zodiac\ox-en.html -> zodiac\ox-en/index.html
  zodiac\ox.html -> zodiac\ox/index.html
  zodiac\pig-en.html -> zodiac\pig-en/index.html
  zodiac\pig.html -> zodiac\pig/index.html
  zodiac\rabbit-en.html -> zodiac\rabbit-en/index.html
  zodiac\rabbit.html -> zodiac\rabbit/index.html
  zodiac\rat-en.html -> zodiac\rat-en/index.html
  zodiac\rat.html -> zodiac\rat/index.html
  zodiac\rooster-en.html -> zodiac\rooster-en/index.html
  zodiac\rooster.html -> zodiac\rooster/index.html
  zodiac\snake-en.html -> zodiac\snake-en/index.html
  zodiac\snake.html -> zodiac\snake/index.html
  zodiac\tiger-en.html -> zodiac\tiger-en/index.html
  zodiac\tiger.html -> zodiac\tiger/index.html
  zodiac\zodiac-daily.html -> zodiac\zodiac-daily/index.html
  zodiac\zodiac-detail.html -> zodiac\zodiac-detail/index.html
  ✅ Clean URLs: 207 created, 0 skipped (already exist)
Notifying IndexNow...
  ✅ IndexNow notified: 216 URLs pushed to Bing/Yandex/Naver
=== Blog Build Complete ===
Syncing static pages...
  ✅ wallpaper.html → dist/
  ✅ login.html → dist/
  ✅ js/auth.js → dist/js/
✅ 博客页重建成功
️  没有检测到文件变更，跳过提交

═════════════════════════════════════════════
📋 部署验证清单（上线后请检查）
═════════════════════════════════════════════
   聚合页: https://www.daoessentia.com/zodiac/zodiac-daily
     → 12张卡片是否全部显示插图（无emoji占位符）？
     → 标题上方是否显示今日日期？
     → 每张卡片是否有星星评分？
   详情页: https://www.daoessentia.com/zodiac/rat-en
     → 日期是否为今日（2026-06-05）？
     → 分数是否为当日运势分数？
   聚合页和详情页数据是否一致？
═════════════════════════════════════════════


✅ [2026-06-05] 每日运势全自动部署完成！

[周五 2026/06/05  2:05:10.34] SUCCESS 
[周五 2026/06/05  2:05:10.36] DaoEssence Daily Horoscope End 
[周六 2026/06/06  2:05:01.58] DaoEssence Daily Horoscope Start 
[AUTO] AUTO_DEPLOY=true，自动部署模式

[2026/6/6 02:05:01] 启动每日运势生成
生成日期: 2026-06-06  缓存版本: 20260606

--- 运行 generate-daily.js ---

🚀 开始生成 2026-06-06 生肖运势...

⚠️  2026-06-06.json 已存在，跳过生成（如需重新生成请先删除该文件）

⚠️  聚合页无变化，跳过写入

--- 切换 to main 分支 ---
  pulling latest main...
From https://github.com/pixuan1989/dao-essence-shop
 * branch              main       -> FETCH_HEAD
Already up to date.
✅ 已切换到 main 分支并拉取最新代码

--- 构建 + Git 提交 + 推送 ---

 运行 build-blog.js 重建博客页...
=== Blog Build Started ===
Copying project to dist/...
  Copied: lunar.js -> dist/lunar.js
  Cleaned: dist/blog/posts/ (Markdown sources)
  Cleaned: dist/blog/posts-zh/ (Markdown sources)
Found 39 English articles
Syncing product Chinese translations...
🔄 Syncing product Chinese translations...
  📋 Existing translations: 7 products
  ⚠️ CREEM_API_KEY not set, cannot fetch products
  ℹ️ No products fetched, keeping existing map
Product translation sync complete.
Checking for articles needing translation...
  Loaded 146 translation terms
  All 39 articles already translated
Translation step complete. 39 zh articles available.
  Generated: dist/blog/10-home-feng-shui-hacks-that-actually-work-backed-by-energy-psychology.html
  Generated: dist/blog/3-places-to-visit-when-bad-luck.html
  Generated: dist/blog/auspicious-date-selection-a-practical-guide.html
  Generated: dist/blog/bazi-10-day-masters-guide.html
  Generated: dist/blog/bazi-10-year-luck-cycles-guide.html
  Generated: dist/blog/bazi-ten-gods-friendship-patterns.html
  Generated: dist/blog/ben-ming-nian-why-your-zodiac-year-matters-in-bazi.html
  Generated: dist/blog/birth-hours-wealth-personalities-a-western-friendly-guide.html
  Generated: dist/blog/chinese-zodiac-daily-forecast-thursday-april-16-2026.html
  Generated: dist/blog/door-facing-door-feng-shui-energy-clash.html
  Generated: dist/blog/elon-musk-bazi-chart-analysis.html
  Generated: dist/blog/feng-shui-4-items-dont-replace.html
  Generated: dist/blog/feng-shui-headboard-placement-5-rules.html
  Generated: dist/blog/feng-shui-home-office-7-rules.html
  Generated: dist/blog/feng-shui-tips-before-buying-house.html
  Generated: dist/blog/five-elements-theory-wu-xing-guide.html
  Generated: dist/blog/heavenly-stems-compatibility-love-match.html
  Generated: dist/blog/how-to-choose-the-best-date-for-any-important-life-event.html
  Generated: dist/blog/how-to-choose-your-phone-wallpaper-using-chinese-five-elements.html
  Generated: dist/blog/how-to-read-bazi-chart.html
  Generated: dist/blog/is-bazi-real-skeptics-guide.html
  Generated: dist/blog/is-weak-day-master-bad-bazi.html
  Generated: dist/blog/jia-wu-month-2026-best-day-masters.html
  Generated: dist/blog/jia-wu-month-june-2026-fire-energy-warning.html
  Generated: dist/blog/teach-yourself-bazi-guide.html
  Generated: dist/blog/learn-bazi-free-course.html
  Generated: dist/blog/love-prediction-by-date-of-birth.html
  Generated: dist/blog/seven-killings-bazi-wealth-star.html
  Generated: dist/blog/she-was-36-divorced-bazi-love-story.html
  Generated: dist/blog/the-mbti-alternative-angle.html
  Generated: dist/blog/toxic-relationship-energy-bazi-compatibility.html
  Generated: dist/blog/trump-bazi-fire-earth.html
  Generated: dist/blog/what-is-bazi-beginners-guide.html
  Generated: dist/blog/when-will-i-find-love.html
  Generated: dist/blog/where-will-i-meet-my-soulmate.html
  Generated: dist/blog/why-am-i-depressed-bazi-cycles-10-year-luck-periods-explained.html
  Generated: dist/blog/zodiac-reading-vs-bazi.html
  Generated: dist/blog/yi-wood-may-2026-gui-si-month.html
  Generated: dist/blog/five-virtues-five-elements.html
  Generated: dist/zh/blog/10-home-feng-shui-hacks-that-actually-work-backed-by-energy-psychology.html
  Generated: dist/zh/blog/3-places-to-visit-when-bad-luck.html
  Generated: dist/zh/blog/auspicious-date-selection-a-practical-guide.html
  Generated: dist/zh/blog/bazi-10-day-masters-guide.html
  Generated: dist/zh/blog/bazi-10-year-luck-cycles-guide.html
  Generated: dist/zh/blog/bazi-ten-gods-friendship-patterns.html
  Generated: dist/zh/blog/ben-ming-nian-why-your-zodiac-year-matters-in-bazi.html
  Generated: dist/zh/blog/birth-hours-wealth-personalities-a-western-friendly-guide.html
  Generated: dist/zh/blog/chinese-zodiac-daily-forecast-thursday-april-16-2026.html
  Generated: dist/zh/blog/door-facing-door-feng-shui-energy-clash.html
  Generated: dist/zh/blog/elon-musk-bazi-chart-analysis.html
  Generated: dist/zh/blog/feng-shui-4-items-dont-replace.html
  Generated: dist/zh/blog/feng-shui-headboard-placement-5-rules.html
  Generated: dist/zh/blog/feng-shui-home-office-7-rules.html
  Generated: dist/zh/blog/feng-shui-tips-before-buying-house.html
  Generated: dist/zh/blog/five-elements-theory-wu-xing-guide.html
  Generated: dist/zh/blog/heavenly-stems-compatibility-love-match.html
  Generated: dist/zh/blog/how-to-choose-the-best-date-for-any-important-life-event.html
  Generated: dist/zh/blog/how-to-choose-your-phone-wallpaper-using-chinese-five-elements.html
  Generated: dist/zh/blog/how-to-read-bazi-chart.html
  Generated: dist/zh/blog/is-bazi-real-skeptics-guide.html
  Generated: dist/zh/blog/is-weak-day-master-bad-bazi.html
  Generated: dist/zh/blog/jia-wu-month-2026-best-day-masters.html
  Generated: dist/zh/blog/jia-wu-month-june-2026-fire-energy-warning.html
  Generated: dist/zh/blog/teach-yourself-bazi-guide.html
  Generated: dist/zh/blog/learn-bazi-free-course.html
  Generated: dist/zh/blog/love-prediction-by-date-of-birth.html
  Generated: dist/zh/blog/seven-killings-bazi-wealth-star.html
  Generated: dist/zh/blog/she-was-36-divorced-bazi-love-story.html
  Generated: dist/zh/blog/the-mbti-alternative-angle.html
  Generated: dist/zh/blog/toxic-relationship-energy-bazi-compatibility.html
  Generated: dist/zh/blog/trump-bazi-fire-earth.html
  Generated: dist/zh/blog/what-is-bazi-beginners-guide.html
  Generated: dist/zh/blog/when-will-i-find-love.html
  Generated: dist/zh/blog/where-will-i-meet-my-soulmate.html
  Generated: dist/zh/blog/why-am-i-depressed-bazi-cycles-10-year-luck-periods-explained.html
  Generated: dist/zh/blog/zodiac-reading-vs-bazi.html
  Generated: dist/zh/blog/yi-wood-may-2026-gui-si-month.html
  Generated: dist/zh/blog/five-virtues-five-elements.html
  Generated: dist/zh/blog/elon-musk-bazi-chart-analysis.html
  Generated: dist/zh/blog/feng-shui-4-items-dont-replace.html
  Generated: dist/zh/blog/feng-shui-tips-before-buying-house.html
  Generated: dist/zh/blog/teach-yourself-bazi-guide.html
  Generated: dist/zh/blog/zodiac-reading-vs-bazi.html
  Generated: dist/zh/blog/five-virtues-five-elements.html
  Updated: dist/blog/bazi-astrology.html (28 articles)
  Updated: dist/blog/zodiac-horoscope.html (1 articles)
  Updated: dist/blog/feng-shui.html (10 articles)
  Generated: dist/zh/blog/bazi-astrology.html (32 articles)
  Generated: dist/zh/blog/zodiac-horoscope.html (1 articles)
  Generated: dist/zh/blog/feng-shui.html (12 articles)
  Updated: dist/blog/index.html
  Generated: dist/zh/blog/index.html
Generating bazi-recommendations.json...
  Generated: bazi-calculator/bazi-recommendations.json (5 articles)
Injecting articles into homepage...
  Pinned: 6, Regular: 0, Total: 6
  Updated: index.html (6 articles: 6 pinned + 0 latest)
Generating zh homepage...
  Generated: dist/zh/index.html (6 zh articles)
Copying wallpaper pages...
  Generated: dist/wallpaper.html
  Generated: dist/wallpaper-detail.html (with injected wp-data)
  Generated: dist/wallpapers.json
Checking wallpaper slugs...
   ✅ All slugs OK


Generating wallpaper static pages...
  ✅ No new wallpapers to generate
Generating sitemap.xml...
  Added 154 wallpaper URLs to sitemap
  Generated: sitemap.xml (290 URLs)
Pinging Bing...
  Bing: 410 Gone
Generating clean URLs (incremental)...
  about.html -> about/index.html
  admin\stats.html -> admin\stats/index.html
  almanac-cards-preview.html -> almanac-cards-preview/index.html
  almanac.html -> almanac/index.html
  bazi-calculator\bazi-result.html -> bazi-calculator\bazi-result/index.html
  bazi-calculator\debug-output.html -> bazi-calculator\debug-output/index.html
  bazi-form.html -> bazi-form/index.html
  bazi-orders.html -> bazi-orders/index.html
  blog\10-home-feng-shui-hacks-that-actually-work-backed-by-energy-psychology.html -> blog\10-home-feng-shui-hacks-that-actually-work-backed-by-energy-psychology/index.html
  blog\3-places-to-visit-when-bad-luck.html -> blog\3-places-to-visit-when-bad-luck/index.html
  blog\auspicious-date-selection-a-practical-guide.html -> blog\auspicious-date-selection-a-practical-guide/index.html
  blog\bazi-10-day-masters-guide.html -> blog\bazi-10-day-masters-guide/index.html
  blog\bazi-10-year-luck-cycles-guide.html -> blog\bazi-10-year-luck-cycles-guide/index.html
  blog\bazi-astrology.html -> blog\bazi-astrology/index.html
  blog\bazi-ten-gods-friendship-patterns.html -> blog\bazi-ten-gods-friendship-patterns/index.html
  blog\ben-ming-nian-why-your-zodiac-year-matters-in-bazi.html -> blog\ben-ming-nian-why-your-zodiac-year-matters-in-bazi/index.html
  blog\birth-hours-wealth-personalities-a-western-friendly-guide.html -> blog\birth-hours-wealth-personalities-a-western-friendly-guide/index.html
  blog\chinese-zodiac-daily-forecast-thursday-april-16-2026.html -> blog\chinese-zodiac-daily-forecast-thursday-april-16-2026/index.html
  blog\door-facing-door-feng-shui-energy-clash.html -> blog\door-facing-door-feng-shui-energy-clash/index.html
  blog\elon-musk-bazi-chart-analysis.html -> blog\elon-musk-bazi-chart-analysis/index.html
  blog\feng-shui-4-items-dont-replace.html -> blog\feng-shui-4-items-dont-replace/index.html
  blog\feng-shui-headboard-placement-5-rules.html -> blog\feng-shui-headboard-placement-5-rules/index.html
  blog\feng-shui-home-office-7-rules.html -> blog\feng-shui-home-office-7-rules/index.html
  blog\feng-shui-tips-before-buying-house.html -> blog\feng-shui-tips-before-buying-house/index.html
  blog\feng-shui.html -> blog\feng-shui/index.html
  blog\five-elements-theory-wu-xing-guide.html -> blog\five-elements-theory-wu-xing-guide/index.html
  blog\five-virtues-five-elements.html -> blog\five-virtues-five-elements/index.html
  blog\heavenly-stems-compatibility-love-match.html -> blog\heavenly-stems-compatibility-love-match/index.html
  blog\how-to-choose-the-best-date-for-any-important-life-event.html -> blog\how-to-choose-the-best-date-for-any-important-life-event/index.html
  blog\how-to-choose-your-phone-wallpaper-using-chinese-five-elements.html -> blog\how-to-choose-your-phone-wallpaper-using-chinese-five-elements/index.html
  blog\how-to-read-bazi-chart.html -> blog\how-to-read-bazi-chart/index.html
  blog\is-bazi-real-skeptics-guide.html -> blog\is-bazi-real-skeptics-guide/index.html
  blog\is-weak-day-master-bad-bazi.html -> blog\is-weak-day-master-bad-bazi/index.html
  blog\jia-wu-month-2026-best-day-masters.html -> blog\jia-wu-month-2026-best-day-masters/index.html
  blog\jia-wu-month-june-2026-fire-energy-warning.html -> blog\jia-wu-month-june-2026-fire-energy-warning/index.html
  blog\learn-bazi-free-course.html -> blog\learn-bazi-free-course/index.html
  blog\love-prediction-by-date-of-birth.html -> blog\love-prediction-by-date-of-birth/index.html
  blog\seven-killings-bazi-wealth-star.html -> blog\seven-killings-bazi-wealth-star/index.html
  blog\she-was-36-divorced-bazi-love-story.html -> blog\she-was-36-divorced-bazi-love-story/index.html
  blog\teach-yourself-bazi-guide.html -> blog\teach-yourself-bazi-guide/index.html
  blog\the-mbti-alternative-angle.html -> blog\the-mbti-alternative-angle/index.html
  blog\toxic-relationship-energy-bazi-compatibility.html -> blog\toxic-relationship-energy-bazi-compatibility/index.html
  blog\trump-bazi-fire-earth.html -> blog\trump-bazi-fire-earth/index.html
  blog\what-is-bazi-beginners-guide.html -> blog\what-is-bazi-beginners-guide/index.html
  blog\when-will-i-find-love.html -> blog\when-will-i-find-love/index.html
  blog\where-will-i-meet-my-soulmate.html -> blog\where-will-i-meet-my-soulmate/index.html
  blog\why-am-i-depressed-bazi-cycles-10-year-luck-periods-explained.html -> blog\why-am-i-depressed-bazi-cycles-10-year-luck-periods-explained/index.html
  blog\yi-wood-may-2026-gui-si-month.html -> blog\yi-wood-may-2026-gui-si-month/index.html
  blog\zodiac-horoscope.html -> blog\zodiac-horoscope/index.html
  blog\zodiac-reading-vs-bazi.html -> blog\zodiac-reading-vs-bazi/index.html
  checkout.html -> checkout/index.html
  culture.html -> culture/index.html
  favorable-element.html -> favorable-element/index.html
  feng-shui-home-office-7-rules-medium.html -> feng-shui-home-office-7-rules-medium/index.html
  five-elements-test.html -> five-elements-test/index.html
  guide.html -> guide/index.html
  learn-bazi\career-love.html -> learn-bazi\career-love/index.html
  learn-bazi\education-timing.html -> learn-bazi\education-timing/index.html
  learn-bazi\luck-pillars.html -> learn-bazi\luck-pillars/index.html
  learn-bazi\practical.html -> learn-bazi\practical/index.html
  learn-bazi\spirit-stars.html -> learn-bazi\spirit-stars/index.html
  learn-bazi\what-is-bazi.html -> learn-bazi\what-is-bazi/index.html
  learn-bazi.html -> learn-bazi/index.html
  login.html -> login/index.html
  order-confirm.html -> order-confirm/index.html
  payment-success.html -> payment-success/index.html
  privacy.html -> privacy/index.html
  product-detail.html -> product-detail/index.html
  redeem.html -> redeem/index.html
  reports\health-2026-04-24.html -> reports\health-2026-04-24/index.html
  reports\health-2026-04-25.html -> reports\health-2026-04-25/index.html
  reports\health-2026-04-26.html -> reports\health-2026-04-26/index.html
  reports\health-2026-04-27.html -> reports\health-2026-04-27/index.html
  reports\health-2026-04-28.html -> reports\health-2026-04-28/index.html
  reports\health-2026-04-29.html -> reports\health-2026-04-29/index.html
  reports\health-2026-04-30.html -> reports\health-2026-04-30/index.html
  reports\health-2026-05-01.html -> reports\health-2026-05-01/index.html
  reports\health-2026-05-06.html -> reports\health-2026-05-06/index.html
  reports\health-2026-05-07.html -> reports\health-2026-05-07/index.html
  reports\health-2026-05-08.html -> reports\health-2026-05-08/index.html
  reports\health-2026-05-09.html -> reports\health-2026-05-09/index.html
  reports\health-2026-05-10.html -> reports\health-2026-05-10/index.html
  reports\health-2026-05-11.html -> reports\health-2026-05-11/index.html
  reports\health-2026-05-12.html -> reports\health-2026-05-12/index.html
  reports\health-2026-05-13.html -> reports\health-2026-05-13/index.html
  reports\health-2026-05-14.html -> reports\health-2026-05-14/index.html
  reports\health-2026-05-15.html -> reports\health-2026-05-15/index.html
  reports\health-2026-05-16.html -> reports\health-2026-05-16/index.html
  reports\health-2026-05-17.html -> reports\health-2026-05-17/index.html
  reports\health-2026-05-18.html -> reports\health-2026-05-18/index.html
  reports\health-2026-05-22.html -> reports\health-2026-05-22/index.html
  shop.html -> shop/index.html
  soulmate-calculator.html -> soulmate-calculator/index.html
  success.html -> success/index.html
  terms.html -> terms/index.html
  wallpaper\celestial-dragon-wallpaper-feng-shui\index.zh.html -> wallpaper\celestial-dragon-wallpaper-feng-shui\index.zh/index.html
  wallpaper\celestial-serenity-wallpaper-ethereal-goddess-phone-background\index.zh.html -> wallpaper\celestial-serenity-wallpaper-ethereal-goddess-phone-background\index.zh/index.html
  wallpaper\cosmic-energy-galaxy-wallpaper-phone-background\index.zh.html -> wallpaper\cosmic-energy-galaxy-wallpaper-phone-background\index.zh/index.html
  wallpaper\cosmic-tree-life-wallpaper-feng-shui-design\index.zh.html -> wallpaper\cosmic-tree-life-wallpaper-feng-shui-design\index.zh/index.html
  wallpaper\cosmic-tree-life-wallpaper-galaxy-phone-background\index.zh.html -> wallpaper\cosmic-tree-life-wallpaper-galaxy-phone-background\index.zh/index.html
  wallpaper\dao-essentia-feng-shui-wallpaper\index.zh.html -> wallpaper\dao-essentia-feng-shui-wallpaper\index.zh/index.html
  wallpaper\dao-essentia-feng-shui-wallpaper-2\index.zh.html -> wallpaper\dao-essentia-feng-shui-wallpaper-2\index.zh/index.html
  wallpaper\dao-essentia-feng-shui-wallpaper-3\index.zh.html -> wallpaper\dao-essentia-feng-shui-wallpaper-3\index.zh/index.html
  wallpaper\dao-essentia-feng-shui-wallpaper-4\index.zh.html -> wallpaper\dao-essentia-feng-shui-wallpaper-4\index.zh/index.html
  wallpaper\dao-essentia-feng-shui-wallpaper-5\index.zh.html -> wallpaper\dao-essentia-feng-shui-wallpaper-5\index.zh/index.html
  wallpaper\dao-essentia-feng-shui-wallpaper-6\index.zh.html -> wallpaper\dao-essentia-feng-shui-wallpaper-6\index.zh/index.html
  wallpaper\dao-essentia-forest-energy-wallpaper\index.zh.html -> wallpaper\dao-essentia-forest-energy-wallpaper\index.zh/index.html
  wallpaper\dao-essentia-ocean-energy-wallpaper\index.zh.html -> wallpaper\dao-essentia-ocean-energy-wallpaper\index.zh/index.html
  wallpaper\daoist-talisman-wallpaper-ancient-chinese-symbols-luck\index.zh.html -> wallpaper\daoist-talisman-wallpaper-ancient-chinese-symbols-luck\index.zh/index.html
  wallpaper\daoist-talisman-wallpaper-luck-prosperity-design\index.zh.html -> wallpaper\daoist-talisman-wallpaper-luck-prosperity-design\index.zh/index.html
  wallpaper\divine-feng-shui-wallpaper-empower-home-yuanmu\index.zh.html -> wallpaper\divine-feng-shui-wallpaper-empower-home-yuanmu\index.zh/index.html
  wallpaper\divine-immortal-wallpaper\index.zh.html -> wallpaper\divine-immortal-wallpaper\index.zh/index.html
  wallpaper\divine-palace-wallpaper-feng-shui\index.zh.html -> wallpaper\divine-palace-wallpaper-feng-shui\index.zh/index.html
  wallpaper\divine-tree-wallpaper-feng-shui\index.zh.html -> wallpaper\divine-tree-wallpaper-feng-shui\index.zh/index.html
  wallpaper\elegant-green-koi-feng-shui-wallpaper-luck-prosperity\index.zh.html -> wallpaper\elegant-green-koi-feng-shui-wallpaper-luck-prosperity\index.zh/index.html
  wallpaper\ethereal-white-flowers-doves-lucky-wallpaper\index.zh.html -> wallpaper\ethereal-white-flowers-doves-lucky-wallpaper\index.zh/index.html
  wallpaper\feng-shui-fire-energy-wallpaper\index.zh.html -> wallpaper\feng-shui-fire-energy-wallpaper\index.zh/index.html
  wallpaper\feng-shui-forest-wallpaper\index.zh.html -> wallpaper\feng-shui-forest-wallpaper\index.zh/index.html
  wallpaper\feng-shui-lotus-wallpaper\index.zh.html -> wallpaper\feng-shui-lotus-wallpaper\index.zh/index.html
  wallpaper\feng-shui-lucky-gourd-wallpaper-phone-background\index.zh.html -> wallpaper\feng-shui-lucky-gourd-wallpaper-phone-background\index.zh/index.html
  wallpaper\feng-shui-lucky-wallpaper-prosperity-wealth-energy\index.zh.html -> wallpaper\feng-shui-lucky-wallpaper-prosperity-wealth-energy\index.zh/index.html
  wallpaper\forest-fire-lucky-wallpaper-energy-nature-harmony\index.zh.html -> wallpaper\forest-fire-lucky-wallpaper-energy-nature-harmony\index.zh/index.html
  wallpaper\fortune-attracts-lucky-feng-shui-wallpaper-phone\index.zh.html -> wallpaper\fortune-attracts-lucky-feng-shui-wallpaper-phone\index.zh/index.html
  wallpaper\fortune-awaits-lucky-red-shang-chuan-feng-shui-wallpaper\index.zh.html -> wallpaper\fortune-awaits-lucky-red-shang-chuan-feng-shui-wallpaper\index.zh/index.html
  wallpaper\golden-auspicious-deer-wallpaper-lucky-feng-shui-design\index.zh.html -> wallpaper\golden-auspicious-deer-wallpaper-lucky-feng-shui-design\index.zh/index.html
  wallpaper\golden-bell-key-lucky-wallpaper-feng-shui-phone-background\index.zh.html -> wallpaper\golden-bell-key-lucky-wallpaper-feng-shui-phone-background\index.zh/index.html
  wallpaper\golden-carp-lotus-feng-shui-wallpaper-luck-prosperity\index.zh.html -> wallpaper\golden-carp-lotus-feng-shui-wallpaper-luck-prosperity\index.zh/index.html
  wallpaper\golden-cascade-feng-shui-wallpaper\index.zh.html -> wallpaper\golden-cascade-feng-shui-wallpaper\index.zh/index.html
  wallpaper\golden-dragon-talisman-wallpaper-lucky-feng-shui-design\index.zh.html -> wallpaper\golden-dragon-talisman-wallpaper-lucky-feng-shui-design\index.zh/index.html
  wallpaper\golden-dragon-talisman-wallpaper-lucky-feng-shui-design-2\index.zh.html -> wallpaper\golden-dragon-talisman-wallpaper-lucky-feng-shui-design-2\index.zh/index.html
  wallpaper\golden-eight-directions-wealth-wallpaper-feng-shui-harmony\index.zh.html -> wallpaper\golden-eight-directions-wealth-wallpaper-feng-shui-harmony\index.zh/index.html
  wallpaper\golden-feng-shui-mountain-wallpaper-luck-prosperity\index.zh.html -> wallpaper\golden-feng-shui-mountain-wallpaper-luck-prosperity\index.zh/index.html
  wallpaper\golden-fire-azure-water-fusion-wallpaper\index.zh.html -> wallpaper\golden-fire-azure-water-fusion-wallpaper\index.zh/index.html
  wallpaper\golden-gourd-feng-shui-wallpaper\index.zh.html -> wallpaper\golden-gourd-feng-shui-wallpaper\index.zh/index.html
  wallpaper\golden-key-energy-wallpaper-unlock-potential\index.zh.html -> wallpaper\golden-key-energy-wallpaper-unlock-potential\index.zh/index.html
  wallpaper\golden-mountain-energy-wallpaper\index.zh.html -> wallpaper\golden-mountain-energy-wallpaper\index.zh/index.html
  wallpaper\golden-mountain-feng-shui-wallpaper\index.zh.html -> wallpaper\golden-mountain-feng-shui-wallpaper\index.zh/index.html
  wallpaper\golden-mountain-river-wallpaper-feng-shui-harmony\index.zh.html -> wallpaper\golden-mountain-river-wallpaper-feng-shui-harmony\index.zh/index.html
  wallpaper\golden-pig-talisman-wallpaper-lucky-feng-shui-design\index.zh.html -> wallpaper\golden-pig-talisman-wallpaper-lucky-feng-shui-design\index.zh/index.html
  wallpaper\golden-pig-zodiac-wallpaper-lucky-chinese-new-year-design\index.zh.html -> wallpaper\golden-pig-zodiac-wallpaper-lucky-chinese-new-year-design\index.zh/index.html
  wallpaper\golden-rooster-talisman-wallpaper-lucky-chinese-zodiac\index.zh.html -> wallpaper\golden-rooster-talisman-wallpaper-lucky-chinese-zodiac\index.zh/index.html
  wallpaper\golden-sacred-geometry-wallpaper-blue-energy-vibe\index.zh.html -> wallpaper\golden-sacred-geometry-wallpaper-blue-energy-vibe\index.zh/index.html
  wallpaper\golden-sheep-zodiac-wallpaper-lucky-chinese-new-year-design\index.zh.html -> wallpaper\golden-sheep-zodiac-wallpaper-lucky-chinese-new-year-design\index.zh/index.html
  wallpaper\golden-stream-feng-shui-wallpaper\index.zh.html -> wallpaper\golden-stream-feng-shui-wallpaper\index.zh/index.html
  wallpaper\golden-sunset-beach-wallpaper\index.zh.html -> wallpaper\golden-sunset-beach-wallpaper\index.zh/index.html
  wallpaper\golden-tiger-talisman-wallpaper-lucky-chinese-zodiac\index.zh.html -> wallpaper\golden-tiger-talisman-wallpaper-lucky-chinese-zodiac\index.zh/index.html
  wallpaper\jade-gourd-feng-shui-wallpaper\index.zh.html -> wallpaper\jade-gourd-feng-shui-wallpaper\index.zh/index.html
  wallpaper\lotus-flower-feng-shui-wallpaper-harmonize-space\index.zh.html -> wallpaper\lotus-flower-feng-shui-wallpaper-harmonize-space\index.zh/index.html
  wallpaper\lucky-chinese-zodiac-horse-wallpaper-phone-background\index.zh.html -> wallpaper\lucky-chinese-zodiac-horse-wallpaper-phone-background\index.zh/index.html
  wallpaper\lucky-dog-year-wallpaper-chinese-zodiac-fortune\index.zh.html -> wallpaper\lucky-dog-year-wallpaper-chinese-zodiac-fortune\index.zh/index.html
  wallpaper\lucky-four-leaf-clover-wallpaper\index.zh.html -> wallpaper\lucky-four-leaf-clover-wallpaper\index.zh/index.html
  wallpaper\lucky-pixiu-wallpaper-feng-shui-fortune-guardian\index.zh.html -> wallpaper\lucky-pixiu-wallpaper-feng-shui-fortune-guardian\index.zh/index.html
  wallpaper\lucky-rabbit-chinese-zodiac-wallpaper-phone-background\index.zh.html -> wallpaper\lucky-rabbit-chinese-zodiac-wallpaper-phone-background\index.zh/index.html
  wallpaper\lucky-tiger-talisman-wallpaper-feng-shui-harmony\index.zh.html -> wallpaper\lucky-tiger-talisman-wallpaper-feng-shui-harmony\index.zh/index.html
  wallpaper\magical-unicorn-wallpaper-fairy-wings-celestial-door\index.zh.html -> wallpaper\magical-unicorn-wallpaper-fairy-wings-celestial-door\index.zh/index.html
  wallpaper\matterhorn-feng-shui-wallpaper\index.zh.html -> wallpaper\matterhorn-feng-shui-wallpaper\index.zh/index.html
  wallpaper\moonlit-fairy-wallpaper\index.zh.html -> wallpaper\moonlit-fairy-wallpaper\index.zh/index.html
  wallpaper\moonlit-fantasy-wallpaper-celestial-energy-starlight\index.zh.html -> wallpaper\moonlit-fantasy-wallpaper-celestial-energy-starlight\index.zh/index.html
  wallpaper\mountain-peak-feng-shui-wallpaper\index.zh.html -> wallpaper\mountain-peak-feng-shui-wallpaper\index.zh/index.html
  wallpaper\mystical-chinese-talisman-wallpaper-luck-prosperity\index.zh.html -> wallpaper\mystical-chinese-talisman-wallpaper-luck-prosperity\index.zh/index.html
  wallpaper\mystical-tree-life-wallpaper-feng-shui-phone-background\index.zh.html -> wallpaper\mystical-tree-life-wallpaper-feng-shui-phone-background\index.zh/index.html
  wallpaper\mythical-dragon-feng-shui-wallpaper-luck-prosperity\index.zh.html -> wallpaper\mythical-dragon-feng-shui-wallpaper-luck-prosperity\index.zh/index.html
  wallpaper\natures-serenity-green-forest-lake-wallpaper\index.zh.html -> wallpaper\natures-serenity-green-forest-lake-wallpaper\index.zh/index.html
  wallpaper\phoenix-goddess-wallpaper\index.zh.html -> wallpaper\phoenix-goddess-wallpaper\index.zh/index.html
  wallpaper\pink-candle-energy-wallpaper-spiritual-glow\index.zh.html -> wallpaper\pink-candle-energy-wallpaper-spiritual-glow\index.zh/index.html
  wallpaper\purple-qi-arrival-feng-shui-wallpaper-phone-background\index.zh.html -> wallpaper\purple-qi-arrival-feng-shui-wallpaper-phone-background\index.zh/index.html
  wallpaper\radiant-heart-butterflies-lucky-wallpaper\index.zh.html -> wallpaper\radiant-heart-butterflies-lucky-wallpaper\index.zh/index.html
  wallpaper\sacred-geometry-floral-energy-wallpaper-phone\index.zh.html -> wallpaper\sacred-geometry-floral-energy-wallpaper-phone\index.zh/index.html
  wallpaper\sacred-tree-feng-shui-wallpaper-lucky-phone-background\index.zh.html -> wallpaper\sacred-tree-feng-shui-wallpaper-lucky-phone-background\index.zh/index.html
  wallpaper\sacred-tree-feng-shui-wallpaper-lucky-phone-background-2\index.zh.html -> wallpaper\sacred-tree-feng-shui-wallpaper-lucky-phone-background-2\index.zh/index.html
  wallpaper\starseed-energy-wallpaper\index.zh.html -> wallpaper\starseed-energy-wallpaper\index.zh/index.html
  wallpaper\zhi-zu-chang-le-lucky-wallpaper-serenity-harmony\index.zh.html -> wallpaper\zhi-zu-chang-le-lucky-wallpaper-serenity-harmony\index.zh/index.html
  wallpaper-detail.html -> wallpaper-detail/index.html
  wallpaper.html -> wallpaper/index.html
  yi-wood-may-2026-medium.html -> yi-wood-may-2026-medium/index.html
  zh\blog\10-home-feng-shui-hacks-that-actually-work-backed-by-energy-psychology.html -> zh\blog\10-home-feng-shui-hacks-that-actually-work-backed-by-energy-psychology/index.html
  zh\blog\3-places-to-visit-when-bad-luck.html -> zh\blog\3-places-to-visit-when-bad-luck/index.html
  zh\blog\auspicious-date-selection-a-practical-guide.html -> zh\blog\auspicious-date-selection-a-practical-guide/index.html
  zh\blog\bazi-10-day-masters-guide.html -> zh\blog\bazi-10-day-masters-guide/index.html
  zh\blog\bazi-10-year-luck-cycles-guide.html -> zh\blog\bazi-10-year-luck-cycles-guide/index.html
  zh\blog\bazi-astrology.html -> zh\blog\bazi-astrology/index.html
  zh\blog\bazi-ten-gods-friendship-patterns.html -> zh\blog\bazi-ten-gods-friendship-patterns/index.html
  zh\blog\ben-ming-nian-why-your-zodiac-year-matters-in-bazi.html -> zh\blog\ben-ming-nian-why-your-zodiac-year-matters-in-bazi/index.html
  zh\blog\birth-hours-wealth-personalities-a-western-friendly-guide.html -> zh\blog\birth-hours-wealth-personalities-a-western-friendly-guide/index.html
  zh\blog\chinese-zodiac-daily-forecast-thursday-april-16-2026.html -> zh\blog\chinese-zodiac-daily-forecast-thursday-april-16-2026/index.html
  zh\blog\door-facing-door-feng-shui-energy-clash.html -> zh\blog\door-facing-door-feng-shui-energy-clash/index.html
  zh\blog\elon-musk-bazi-chart-analysis.html -> zh\blog\elon-musk-bazi-chart-analysis/index.html
  zh\blog\feng-shui-4-items-dont-replace.html -> zh\blog\feng-shui-4-items-dont-replace/index.html
  zh\blog\feng-shui-headboard-placement-5-rules.html -> zh\blog\feng-shui-headboard-placement-5-rules/index.html
  zh\blog\feng-shui-home-office-7-rules.html -> zh\blog\feng-shui-home-office-7-rules/index.html
  zh\blog\feng-shui-tips-before-buying-house.html -> zh\blog\feng-shui-tips-before-buying-house/index.html
  zh\blog\feng-shui.html -> zh\blog\feng-shui/index.html
  zh\blog\five-elements-theory-wu-xing-guide.html -> zh\blog\five-elements-theory-wu-xing-guide/index.html
  zh\blog\five-virtues-five-elements.html -> zh\blog\five-virtues-five-elements/index.html
  zh\blog\heavenly-stems-compatibility-love-match.html -> zh\blog\heavenly-stems-compatibility-love-match/index.html
  zh\blog\how-to-choose-the-best-date-for-any-important-life-event.html -> zh\blog\how-to-choose-the-best-date-for-any-important-life-event/index.html
  zh\blog\how-to-choose-your-phone-wallpaper-using-chinese-five-elements.html -> zh\blog\how-to-choose-your-phone-wallpaper-using-chinese-five-elements/index.html
  zh\blog\how-to-read-bazi-chart.html -> zh\blog\how-to-read-bazi-chart/index.html
  zh\blog\is-bazi-real-skeptics-guide.html -> zh\blog\is-bazi-real-skeptics-guide/index.html
  zh\blog\is-weak-day-master-bad-bazi.html -> zh\blog\is-weak-day-master-bad-bazi/index.html
  zh\blog\jia-wu-month-2026-best-day-masters.html -> zh\blog\jia-wu-month-2026-best-day-masters/index.html
  zh\blog\jia-wu-month-june-2026-fire-energy-warning.html -> zh\blog\jia-wu-month-june-2026-fire-energy-warning/index.html
  zh\blog\learn-bazi-free-course.html -> zh\blog\learn-bazi-free-course/index.html
  zh\blog\love-prediction-by-date-of-birth.html -> zh\blog\love-prediction-by-date-of-birth/index.html
  zh\blog\seven-killings-bazi-wealth-star.html -> zh\blog\seven-killings-bazi-wealth-star/index.html
  zh\blog\she-was-36-divorced-bazi-love-story.html -> zh\blog\she-was-36-divorced-bazi-love-story/index.html
  zh\blog\teach-yourself-bazi-guide.html -> zh\blog\teach-yourself-bazi-guide/index.html
  zh\blog\the-mbti-alternative-angle.html -> zh\blog\the-mbti-alternative-angle/index.html
  zh\blog\toxic-relationship-energy-bazi-compatibility.html -> zh\blog\toxic-relationship-energy-bazi-compatibility/index.html
  zh\blog\trump-bazi-fire-earth.html -> zh\blog\trump-bazi-fire-earth/index.html
  zh\blog\what-is-bazi-beginners-guide.html -> zh\blog\what-is-bazi-beginners-guide/index.html
  zh\blog\when-will-i-find-love.html -> zh\blog\when-will-i-find-love/index.html
  zh\blog\where-will-i-meet-my-soulmate.html -> zh\blog\where-will-i-meet-my-soulmate/index.html
  zh\blog\why-am-i-depressed-bazi-cycles-10-year-luck-periods-explained.html -> zh\blog\why-am-i-depressed-bazi-cycles-10-year-luck-periods-explained/index.html
  zh\blog\yi-wood-may-2026-gui-si-month.html -> zh\blog\yi-wood-may-2026-gui-si-month/index.html
  zh\blog\zodiac-horoscope.html -> zh\blog\zodiac-horoscope/index.html
  zh\blog\zodiac-reading-vs-bazi.html -> zh\blog\zodiac-reading-vs-bazi/index.html
  zodiac\dog-en.html -> zodiac\dog-en/index.html
  zodiac\dog.html -> zodiac\dog/index.html
  zodiac\dragon-en.html -> zodiac\dragon-en/index.html
  zodiac\dragon.html -> zodiac\dragon/index.html
  zodiac\goat-en.html -> zodiac\goat-en/index.html
  zodiac\goat.html -> zodiac\goat/index.html
  zodiac\horse-en.html -> zodiac\horse-en/index.html
  zodiac\horse.html -> zodiac\horse/index.html
  zodiac\monkey-en.html -> zodiac\monkey-en/index.html
  zodiac\monkey.html -> zodiac\monkey/index.html
  zodiac\ox-en.html -> zodiac\ox-en/index.html
  zodiac\ox.html -> zodiac\ox/index.html
  zodiac\pig-en.html -> zodiac\pig-en/index.html
  zodiac\pig.html -> zodiac\pig/index.html
  zodiac\rabbit-en.html -> zodiac\rabbit-en/index.html
  zodiac\rabbit.html -> zodiac\rabbit/index.html
  zodiac\rat-en.html -> zodiac\rat-en/index.html
  zodiac\rat.html -> zodiac\rat/index.html
  zodiac\rooster-en.html -> zodiac\rooster-en/index.html
  zodiac\rooster.html -> zodiac\rooster/index.html
  zodiac\snake-en.html -> zodiac\snake-en/index.html
  zodiac\snake.html -> zodiac\snake/index.html
  zodiac\tiger-en.html -> zodiac\tiger-en/index.html
  zodiac\tiger.html -> zodiac\tiger/index.html
  zodiac\zodiac-daily.html -> zodiac\zodiac-daily/index.html
  zodiac\zodiac-detail.html -> zodiac\zodiac-detail/index.html
  ✅ Clean URLs: 243 created, 0 skipped (already exist)
Notifying IndexNow...
  ✅ IndexNow notified: 290 URLs pushed to Bing/Yandex/Naver
=== Blog Build Complete ===
Syncing static pages...
  ✅ wallpaper/ → dist/wallpaper/
  ✅ wallpaper.html → dist/
  ✅ login.html → dist/
  ✅ zodiac/zodiac-daily.html → dist/
  ✅ js/auth.js → dist/js/
  ✅ js/zodiac-bottom-wallpaper.js → dist/js/
  ✅ js/zodiac-detail-wallpaper.js → dist/js/
  ✅ js/almanac-wallpaper-recommendation.js → dist/js/
  ✅ js/soulmate-wallpaper-recommendation.js → dist/js/
  ✅ js/bazi-wallpaper-recommendation.js → dist/js/
  ✅ js/favorable-element-wallpaper-recommendation.js → dist/js/
✅ 博客页重建成功
️  没有检测到文件变更，跳过提交

═════════════════════════════════════════════
📋 部署验证清单（上线后请检查）
═════════════════════════════════════════════
   聚合页: https://www.daoessentia.com/zodiac/zodiac-daily
     → 12张卡片是否全部显示插图（无emoji占位符）？
     → 标题上方是否显示今日日期？
     → 每张卡片是否有星星评分？
   详情页: https://www.daoessentia.com/zodiac/rat-en
     → 日期是否为今日（2026-06-06）？
     → 分数是否为当日运势分数？
   聚合页和详情页数据是否一致？
═════════════════════════════════════════════


✅ [2026-06-06] 每日运势全自动部署完成！

[周六 2026/06/06  2:05:11.33] SUCCESS 
[周六 2026/06/06  2:05:11.34] DaoEssence Daily Horoscope End 
[周日 2026/06/07  2:05:01.54] DaoEssence Daily Horoscope Start 
[AUTO] AUTO_DEPLOY=true，自动部署模式

[2026/6/7 02:05:01] 启动每日运势生成
生成日期: 2026-06-07  缓存版本: 20260607

--- 运行 generate-daily.js ---

🚀 开始生成 2026-06-07 生肖运势...

⚠️  2026-06-07.json 已存在，跳过生成（如需重新生成请先删除该文件）

⚠️  聚合页无变化，跳过写入

--- 切换 to main 分支 ---
  pulling latest main...
From https://github.com/pixuan1989/dao-essence-shop
 * branch              main       -> FETCH_HEAD
Already up to date.
✅ 已切换到 main 分支并拉取最新代码

--- 构建 + Git 提交 + 推送 ---

 运行 build-blog.js 重建博客页...
=== Blog Build Started ===
Copying project to dist/...
  Copied: lunar.js -> dist/lunar.js
  Cleaned: dist/blog/posts/ (Markdown sources)
  Cleaned: dist/blog/posts-zh/ (Markdown sources)
Found 39 English articles
Syncing product Chinese translations...
🔄 Syncing product Chinese translations...
  📋 Existing translations: 7 products
  ⚠️ CREEM_API_KEY not set, cannot fetch products
  ℹ️ No products fetched, keeping existing map
Product translation sync complete.
Checking for articles needing translation...
  Loaded 146 translation terms
  All 39 articles already translated
Translation step complete. 39 zh articles available.
  Generated: dist/blog/10-home-feng-shui-hacks-that-actually-work-backed-by-energy-psychology.html
  Generated: dist/blog/3-places-to-visit-when-bad-luck.html
  Generated: dist/blog/auspicious-date-selection-a-practical-guide.html
  Generated: dist/blog/bazi-10-day-masters-guide.html
  Generated: dist/blog/bazi-10-year-luck-cycles-guide.html
  Generated: dist/blog/bazi-ten-gods-friendship-patterns.html
  Generated: dist/blog/ben-ming-nian-why-your-zodiac-year-matters-in-bazi.html
  Generated: dist/blog/birth-hours-wealth-personalities-a-western-friendly-guide.html
  Generated: dist/blog/chinese-zodiac-daily-forecast-thursday-april-16-2026.html
  Generated: dist/blog/door-facing-door-feng-shui-energy-clash.html
  Generated: dist/blog/elon-musk-bazi-chart-analysis.html
  Generated: dist/blog/feng-shui-4-items-dont-replace.html
  Generated: dist/blog/feng-shui-headboard-placement-5-rules.html
  Generated: dist/blog/feng-shui-home-office-7-rules.html
  Generated: dist/blog/feng-shui-tips-before-buying-house.html
  Generated: dist/blog/five-elements-theory-wu-xing-guide.html
  Generated: dist/blog/heavenly-stems-compatibility-love-match.html
  Generated: dist/blog/how-to-choose-the-best-date-for-any-important-life-event.html
  Generated: dist/blog/how-to-choose-your-phone-wallpaper-using-chinese-five-elements.html
  Generated: dist/blog/how-to-read-bazi-chart.html
  Generated: dist/blog/is-bazi-real-skeptics-guide.html
  Generated: dist/blog/is-weak-day-master-bad-bazi.html
  Generated: dist/blog/jia-wu-month-2026-best-day-masters.html
  Generated: dist/blog/jia-wu-month-june-2026-fire-energy-warning.html
  Generated: dist/blog/teach-yourself-bazi-guide.html
  Generated: dist/blog/learn-bazi-free-course.html
  Generated: dist/blog/love-prediction-by-date-of-birth.html
  Generated: dist/blog/seven-killings-bazi-wealth-star.html
  Generated: dist/blog/she-was-36-divorced-bazi-love-story.html
  Generated: dist/blog/the-mbti-alternative-angle.html
  Generated: dist/blog/toxic-relationship-energy-bazi-compatibility.html
  Generated: dist/blog/trump-bazi-fire-earth.html
  Generated: dist/blog/what-is-bazi-beginners-guide.html
  Generated: dist/blog/when-will-i-find-love.html
  Generated: dist/blog/where-will-i-meet-my-soulmate.html
  Generated: dist/blog/why-am-i-depressed-bazi-cycles-10-year-luck-periods-explained.html
  Generated: dist/blog/zodiac-reading-vs-bazi.html
  Generated: dist/blog/yi-wood-may-2026-gui-si-month.html
  Generated: dist/blog/five-virtues-five-elements.html
  Generated: dist/zh/blog/10-home-feng-shui-hacks-that-actually-work-backed-by-energy-psychology.html
  Generated: dist/zh/blog/3-places-to-visit-when-bad-luck.html
  Generated: dist/zh/blog/auspicious-date-selection-a-practical-guide.html
  Generated: dist/zh/blog/bazi-10-day-masters-guide.html
  Generated: dist/zh/blog/bazi-10-year-luck-cycles-guide.html
  Generated: dist/zh/blog/bazi-ten-gods-friendship-patterns.html
  Generated: dist/zh/blog/ben-ming-nian-why-your-zodiac-year-matters-in-bazi.html
  Generated: dist/zh/blog/birth-hours-wealth-personalities-a-western-friendly-guide.html
  Generated: dist/zh/blog/chinese-zodiac-daily-forecast-thursday-april-16-2026.html
  Generated: dist/zh/blog/door-facing-door-feng-shui-energy-clash.html
  Generated: dist/zh/blog/elon-musk-bazi-chart-analysis.html
  Generated: dist/zh/blog/feng-shui-4-items-dont-replace.html
  Generated: dist/zh/blog/feng-shui-headboard-placement-5-rules.html
  Generated: dist/zh/blog/feng-shui-home-office-7-rules.html
  Generated: dist/zh/blog/feng-shui-tips-before-buying-house.html
  Generated: dist/zh/blog/five-elements-theory-wu-xing-guide.html
  Generated: dist/zh/blog/heavenly-stems-compatibility-love-match.html
  Generated: dist/zh/blog/how-to-choose-the-best-date-for-any-important-life-event.html
  Generated: dist/zh/blog/how-to-choose-your-phone-wallpaper-using-chinese-five-elements.html
  Generated: dist/zh/blog/how-to-read-bazi-chart.html
  Generated: dist/zh/blog/is-bazi-real-skeptics-guide.html
  Generated: dist/zh/blog/is-weak-day-master-bad-bazi.html
  Generated: dist/zh/blog/jia-wu-month-2026-best-day-masters.html
  Generated: dist/zh/blog/jia-wu-month-june-2026-fire-energy-warning.html
  Generated: dist/zh/blog/teach-yourself-bazi-guide.html
  Generated: dist/zh/blog/learn-bazi-free-course.html
  Generated: dist/zh/blog/love-prediction-by-date-of-birth.html
  Generated: dist/zh/blog/seven-killings-bazi-wealth-star.html
  Generated: dist/zh/blog/she-was-36-divorced-bazi-love-story.html
  Generated: dist/zh/blog/the-mbti-alternative-angle.html
  Generated: dist/zh/blog/toxic-relationship-energy-bazi-compatibility.html
  Generated: dist/zh/blog/trump-bazi-fire-earth.html
  Generated: dist/zh/blog/what-is-bazi-beginners-guide.html
  Generated: dist/zh/blog/when-will-i-find-love.html
  Generated: dist/zh/blog/where-will-i-meet-my-soulmate.html
  Generated: dist/zh/blog/why-am-i-depressed-bazi-cycles-10-year-luck-periods-explained.html
  Generated: dist/zh/blog/zodiac-reading-vs-bazi.html
  Generated: dist/zh/blog/yi-wood-may-2026-gui-si-month.html
  Generated: dist/zh/blog/five-virtues-five-elements.html
  Generated: dist/zh/blog/elon-musk-bazi-chart-analysis.html
  Generated: dist/zh/blog/feng-shui-4-items-dont-replace.html
  Generated: dist/zh/blog/teach-yourself-bazi-guide.html
  Generated: dist/zh/blog/zodiac-reading-vs-bazi.html
  Generated: dist/zh/blog/five-virtues-five-elements.html
  Updated: dist/blog/bazi-astrology.html (28 articles)
  Updated: dist/blog/zodiac-horoscope.html (1 articles)
  Updated: dist/blog/feng-shui.html (10 articles)
  Generated: dist/zh/blog/bazi-astrology.html (32 articles)
  Generated: dist/zh/blog/zodiac-horoscope.html (1 articles)
  Generated: dist/zh/blog/feng-shui.html (11 articles)
  Updated: dist/blog/index.html
  Generated: dist/zh/blog/index.html
Generating bazi-recommendations.json...
  Generated: bazi-calculator/bazi-recommendations.json (5 articles)
Injecting articles into homepage...
  Pinned: 6, Regular: 0, Total: 6
  Updated: index.html (6 articles: 6 pinned + 0 latest)
Generating zh homepage...
  Generated: dist/zh/index.html (6 zh articles)
Copying wallpaper pages...
  Generated: dist/wallpaper.html
  Generated: dist/wallpaper-detail.html (with injected wp-data)
  Generated: dist/wallpapers.json
Checking wallpaper slugs...
   ✅ All slugs OK


Generating wallpaper static pages...
  ✅ No new wallpapers to generate
Generating sitemap.xml...
  Added 258 wallpaper URLs to sitemap
  Generated: sitemap.xml (393 URLs)
Pinging Bing...
  Bing: 410 Gone
Generating clean URLs (incremental)...
  about.html -> about/index.html
  admin\stats.html -> admin\stats/index.html
  almanac-cards-preview.html -> almanac-cards-preview/index.html
  almanac.html -> almanac/index.html
  bazi-calculator\bazi-result.html -> bazi-calculator\bazi-result/index.html
  bazi-calculator\debug-output.html -> bazi-calculator\debug-output/index.html
  bazi-form.html -> bazi-form/index.html
  bazi-orders.html -> bazi-orders/index.html
  blog\10-home-feng-shui-hacks-that-actually-work-backed-by-energy-psychology.html -> blog\10-home-feng-shui-hacks-that-actually-work-backed-by-energy-psychology/index.html
  blog\3-places-to-visit-when-bad-luck.html -> blog\3-places-to-visit-when-bad-luck/index.html
  blog\auspicious-date-selection-a-practical-guide.html -> blog\auspicious-date-selection-a-practical-guide/index.html
  blog\bazi-10-day-masters-guide.html -> blog\bazi-10-day-masters-guide/index.html
  blog\bazi-10-year-luck-cycles-guide.html -> blog\bazi-10-year-luck-cycles-guide/index.html
  blog\bazi-astrology.html -> blog\bazi-astrology/index.html
  blog\bazi-ten-gods-friendship-patterns.html -> blog\bazi-ten-gods-friendship-patterns/index.html
  blog\ben-ming-nian-why-your-zodiac-year-matters-in-bazi.html -> blog\ben-ming-nian-why-your-zodiac-year-matters-in-bazi/index.html
  blog\birth-hours-wealth-personalities-a-western-friendly-guide.html -> blog\birth-hours-wealth-personalities-a-western-friendly-guide/index.html
  blog\chinese-zodiac-daily-forecast-thursday-april-16-2026.html -> blog\chinese-zodiac-daily-forecast-thursday-april-16-2026/index.html
  blog\door-facing-door-feng-shui-energy-clash.html -> blog\door-facing-door-feng-shui-energy-clash/index.html
  blog\elon-musk-bazi-chart-analysis.html -> blog\elon-musk-bazi-chart-analysis/index.html
  blog\feng-shui-4-items-dont-replace.html -> blog\feng-shui-4-items-dont-replace/index.html
  blog\feng-shui-headboard-placement-5-rules.html -> blog\feng-shui-headboard-placement-5-rules/index.html
  blog\feng-shui-home-office-7-rules.html -> blog\feng-shui-home-office-7-rules/index.html
  blog\feng-shui-tips-before-buying-house.html -> blog\feng-shui-tips-before-buying-house/index.html
  blog\feng-shui.html -> blog\feng-shui/index.html
  blog\five-elements-theory-wu-xing-guide.html -> blog\five-elements-theory-wu-xing-guide/index.html
  blog\five-virtues-five-elements.html -> blog\five-virtues-five-elements/index.html
  blog\heavenly-stems-compatibility-love-match.html -> blog\heavenly-stems-compatibility-love-match/index.html
  blog\how-to-choose-the-best-date-for-any-important-life-event.html -> blog\how-to-choose-the-best-date-for-any-important-life-event/index.html
  blog\how-to-choose-your-phone-wallpaper-using-chinese-five-elements.html -> blog\how-to-choose-your-phone-wallpaper-using-chinese-five-elements/index.html
  blog\how-to-read-bazi-chart.html -> blog\how-to-read-bazi-chart/index.html
  blog\is-bazi-real-skeptics-guide.html -> blog\is-bazi-real-skeptics-guide/index.html
  blog\is-weak-day-master-bad-bazi.html -> blog\is-weak-day-master-bad-bazi/index.html
  blog\jia-wu-month-2026-best-day-masters.html -> blog\jia-wu-month-2026-best-day-masters/index.html
  blog\jia-wu-month-june-2026-fire-energy-warning.html -> blog\jia-wu-month-june-2026-fire-energy-warning/index.html
  blog\learn-bazi-free-course.html -> blog\learn-bazi-free-course/index.html
  blog\love-prediction-by-date-of-birth.html -> blog\love-prediction-by-date-of-birth/index.html
  blog\seven-killings-bazi-wealth-star.html -> blog\seven-killings-bazi-wealth-star/index.html
  blog\she-was-36-divorced-bazi-love-story.html -> blog\she-was-36-divorced-bazi-love-story/index.html
  blog\teach-yourself-bazi-guide.html -> blog\teach-yourself-bazi-guide/index.html
  blog\the-mbti-alternative-angle.html -> blog\the-mbti-alternative-angle/index.html
  blog\toxic-relationship-energy-bazi-compatibility.html -> blog\toxic-relationship-energy-bazi-compatibility/index.html
  blog\trump-bazi-fire-earth.html -> blog\trump-bazi-fire-earth/index.html
  blog\what-is-bazi-beginners-guide.html -> blog\what-is-bazi-beginners-guide/index.html
  blog\when-will-i-find-love.html -> blog\when-will-i-find-love/index.html
  blog\where-will-i-meet-my-soulmate.html -> blog\where-will-i-meet-my-soulmate/index.html
  blog\why-am-i-depressed-bazi-cycles-10-year-luck-periods-explained.html -> blog\why-am-i-depressed-bazi-cycles-10-year-luck-periods-explained/index.html
  blog\yi-wood-may-2026-gui-si-month.html -> blog\yi-wood-may-2026-gui-si-month/index.html
  blog\zodiac-horoscope.html -> blog\zodiac-horoscope/index.html
  blog\zodiac-reading-vs-bazi.html -> blog\zodiac-reading-vs-bazi/index.html
  checkout.html -> checkout/index.html
  culture.html -> culture/index.html
  favorable-element.html -> favorable-element/index.html
  feng-shui-home-office-7-rules-medium.html -> feng-shui-home-office-7-rules-medium/index.html
  five-elements-test.html -> five-elements-test/index.html
  guide.html -> guide/index.html
  learn-bazi\career-love.html -> learn-bazi\career-love/index.html
  learn-bazi\education-timing.html -> learn-bazi\education-timing/index.html
  learn-bazi\luck-pillars.html -> learn-bazi\luck-pillars/index.html
  learn-bazi\practical.html -> learn-bazi\practical/index.html
  learn-bazi\spirit-stars.html -> learn-bazi\spirit-stars/index.html
  learn-bazi\what-is-bazi.html -> learn-bazi\what-is-bazi/index.html
  learn-bazi.html -> learn-bazi/index.html
  login.html -> login/index.html
  order-confirm.html -> order-confirm/index.html
  payment-success.html -> payment-success/index.html
  privacy.html -> privacy/index.html
  product-detail.html -> product-detail/index.html
  redeem.html -> redeem/index.html
  reports\health-2026-04-24.html -> reports\health-2026-04-24/index.html
  reports\health-2026-04-25.html -> reports\health-2026-04-25/index.html
  reports\health-2026-04-26.html -> reports\health-2026-04-26/index.html
  reports\health-2026-04-27.html -> reports\health-2026-04-27/index.html
  reports\health-2026-04-28.html -> reports\health-2026-04-28/index.html
  reports\health-2026-04-29.html -> reports\health-2026-04-29/index.html
  reports\health-2026-04-30.html -> reports\health-2026-04-30/index.html
  reports\health-2026-05-01.html -> reports\health-2026-05-01/index.html
  reports\health-2026-05-06.html -> reports\health-2026-05-06/index.html
  reports\health-2026-05-07.html -> reports\health-2026-05-07/index.html
  reports\health-2026-05-08.html -> reports\health-2026-05-08/index.html
  reports\health-2026-05-09.html -> reports\health-2026-05-09/index.html
  reports\health-2026-05-10.html -> reports\health-2026-05-10/index.html
  reports\health-2026-05-11.html -> reports\health-2026-05-11/index.html
  reports\health-2026-05-12.html -> reports\health-2026-05-12/index.html
  reports\health-2026-05-13.html -> reports\health-2026-05-13/index.html
  reports\health-2026-05-14.html -> reports\health-2026-05-14/index.html
  reports\health-2026-05-15.html -> reports\health-2026-05-15/index.html
  reports\health-2026-05-16.html -> reports\health-2026-05-16/index.html
  reports\health-2026-05-17.html -> reports\health-2026-05-17/index.html
  reports\health-2026-05-18.html -> reports\health-2026-05-18/index.html
  reports\health-2026-05-22.html -> reports\health-2026-05-22/index.html
  shop.html -> shop/index.html
  soulmate-calculator.html -> soulmate-calculator/index.html
  success.html -> success/index.html
  terms.html -> terms/index.html
  wallpaper\blessed-north-star-talisman-wallpaper-feng-shui-harmony\index.zh.html -> wallpaper\blessed-north-star-talisman-wallpaper-feng-shui-harmony\index.zh/index.html
  wallpaper\celestial-dragon-wallpaper-feng-shui\index.zh.html -> wallpaper\celestial-dragon-wallpaper-feng-shui\index.zh/index.html
  wallpaper\celestial-feng-shui-wallpaper-luck-harmony-phone\index.zh.html -> wallpaper\celestial-feng-shui-wallpaper-luck-harmony-phone\index.zh/index.html
  wallpaper\celestial-serenity-wallpaper-ethereal-goddess-phone-background\index.zh.html -> wallpaper\celestial-serenity-wallpaper-ethereal-goddess-phone-background\index.zh/index.html
  wallpaper\cosmic-energy-galaxy-wallpaper-phone-background\index.zh.html -> wallpaper\cosmic-energy-galaxy-wallpaper-phone-background\index.zh/index.html
  wallpaper\cosmic-tree-life-wallpaper-feng-shui-design\index.zh.html -> wallpaper\cosmic-tree-life-wallpaper-feng-shui-design\index.zh/index.html
  wallpaper\cosmic-tree-life-wallpaper-galaxy-phone-background\index.zh.html -> wallpaper\cosmic-tree-life-wallpaper-galaxy-phone-background\index.zh/index.html
  wallpaper\dao-essentia-feng-shui-wallpaper\index.zh.html -> wallpaper\dao-essentia-feng-shui-wallpaper\index.zh/index.html
  wallpaper\dao-essentia-feng-shui-wallpaper-2\index.zh.html -> wallpaper\dao-essentia-feng-shui-wallpaper-2\index.zh/index.html
  wallpaper\dao-essentia-feng-shui-wallpaper-3\index.zh.html -> wallpaper\dao-essentia-feng-shui-wallpaper-3\index.zh/index.html
  wallpaper\dao-essentia-feng-shui-wallpaper-4\index.zh.html -> wallpaper\dao-essentia-feng-shui-wallpaper-4\index.zh/index.html
  wallpaper\dao-essentia-feng-shui-wallpaper-5\index.zh.html -> wallpaper\dao-essentia-feng-shui-wallpaper-5\index.zh/index.html
  wallpaper\dao-essentia-feng-shui-wallpaper-6\index.zh.html -> wallpaper\dao-essentia-feng-shui-wallpaper-6\index.zh/index.html
  wallpaper\dao-essentia-forest-energy-wallpaper\index.zh.html -> wallpaper\dao-essentia-forest-energy-wallpaper\index.zh/index.html
  wallpaper\dao-essentia-ocean-energy-wallpaper\index.zh.html -> wallpaper\dao-essentia-ocean-energy-wallpaper\index.zh/index.html
  wallpaper\daoist-talisman-wallpaper-ancient-chinese-symbols-luck\index.zh.html -> wallpaper\daoist-talisman-wallpaper-ancient-chinese-symbols-luck\index.zh/index.html
  wallpaper\daoist-talisman-wallpaper-luck-prosperity-design\index.zh.html -> wallpaper\daoist-talisman-wallpaper-luck-prosperity-design\index.zh/index.html
  wallpaper\divine-feng-shui-wallpaper-empower-home-yuanmu\index.zh.html -> wallpaper\divine-feng-shui-wallpaper-empower-home-yuanmu\index.zh/index.html
  wallpaper\divine-immortal-wallpaper\index.zh.html -> wallpaper\divine-immortal-wallpaper\index.zh/index.html
  wallpaper\divine-north-star-talisman-wallpaper-feng-shui-luck\index.zh.html -> wallpaper\divine-north-star-talisman-wallpaper-feng-shui-luck\index.zh/index.html
  wallpaper\divine-palace-wallpaper-feng-shui\index.zh.html -> wallpaper\divine-palace-wallpaper-feng-shui\index.zh/index.html
  wallpaper\divine-protection-talisman-wallpaper-feng-shui\index.zh.html -> wallpaper\divine-protection-talisman-wallpaper-feng-shui\index.zh/index.html
  wallpaper\divine-protection-talisman-wallpaper-feng-shui-luck\index.zh.html -> wallpaper\divine-protection-talisman-wallpaper-feng-shui-luck\index.zh/index.html
  wallpaper\divine-tree-wallpaper-feng-shui\index.zh.html -> wallpaper\divine-tree-wallpaper-feng-shui\index.zh/index.html
  wallpaper\elegant-deer-peach-wallpaper-lucky-feng-shui-design\index.zh.html -> wallpaper\elegant-deer-peach-wallpaper-lucky-feng-shui-design\index.zh/index.html
  wallpaper\elegant-green-koi-feng-shui-wallpaper-luck-prosperity\index.zh.html -> wallpaper\elegant-green-koi-feng-shui-wallpaper-luck-prosperity\index.zh/index.html
  wallpaper\enchanted-crystal-ball-wallpaper-phone-background\index.zh.html -> wallpaper\enchanted-crystal-ball-wallpaper-phone-background\index.zh/index.html
  wallpaper\energy-flower-wallpaper-heart-shaped-bloom-etheric-vibration\index.zh.html -> wallpaper\energy-flower-wallpaper-heart-shaped-bloom-etheric-vibration\index.zh/index.html
  wallpaper\ethereal-green-landscape-wallpaper-feng-shui-harmony\index.zh.html -> wallpaper\ethereal-green-landscape-wallpaper-feng-shui-harmony\index.zh/index.html
  wallpaper\ethereal-mountain-landscape-wallpaper-feng-shui\index.zh.html -> wallpaper\ethereal-mountain-landscape-wallpaper-feng-shui\index.zh/index.html
  wallpaper\ethereal-mountain-scroll-wallpaper-feng-shui-design\index.zh.html -> wallpaper\ethereal-mountain-scroll-wallpaper-feng-shui-design\index.zh/index.html
  wallpaper\ethereal-pink-mountain-landscape-wallpaper-feng-shui\index.zh.html -> wallpaper\ethereal-pink-mountain-landscape-wallpaper-feng-shui\index.zh/index.html
  wallpaper\ethereal-white-flowers-doves-lucky-wallpaper\index.zh.html -> wallpaper\ethereal-white-flowers-doves-lucky-wallpaper\index.zh/index.html
  wallpaper\feng-shui-celestial-map-wallpaper-lucky-phone-background\index.zh.html -> wallpaper\feng-shui-celestial-map-wallpaper-lucky-phone-background\index.zh/index.html
  wallpaper\feng-shui-fire-energy-wallpaper\index.zh.html -> wallpaper\feng-shui-fire-energy-wallpaper\index.zh/index.html
  wallpaper\feng-shui-forest-wallpaper\index.zh.html -> wallpaper\feng-shui-forest-wallpaper\index.zh/index.html
  wallpaper\feng-shui-gourd-wallpaper-harmonize-space\index.zh.html -> wallpaper\feng-shui-gourd-wallpaper-harmonize-space\index.zh/index.html
  wallpaper\feng-shui-lotus-wallpaper\index.zh.html -> wallpaper\feng-shui-lotus-wallpaper\index.zh/index.html
  wallpaper\feng-shui-lucky-gourd-wallpaper-phone-background\index.zh.html -> wallpaper\feng-shui-lucky-gourd-wallpaper-phone-background\index.zh/index.html
  wallpaper\feng-shui-lucky-wallpaper-gourd-hand-gesture-wealth\index.zh.html -> wallpaper\feng-shui-lucky-wallpaper-gourd-hand-gesture-wealth\index.zh/index.html
  wallpaper\feng-shui-lucky-wallpaper-prosperity-wealth-energy\index.zh.html -> wallpaper\feng-shui-lucky-wallpaper-prosperity-wealth-energy\index.zh/index.html
  wallpaper\fiery-passion-wallpaper-lucky-fire-element-design\index.zh.html -> wallpaper\fiery-passion-wallpaper-lucky-fire-element-design\index.zh/index.html
  wallpaper\fiery-phoenix-path-wallpaper-lucky-fire-energy\index.zh.html -> wallpaper\fiery-phoenix-path-wallpaper-lucky-fire-energy\index.zh/index.html
  wallpaper\forest-fire-lucky-wallpaper-energy-nature-harmony\index.zh.html -> wallpaper\forest-fire-lucky-wallpaper-energy-nature-harmony\index.zh/index.html
  wallpaper\fortune-attracts-lucky-feng-shui-wallpaper-phone\index.zh.html -> wallpaper\fortune-attracts-lucky-feng-shui-wallpaper-phone\index.zh/index.html
  wallpaper\fortune-awaits-lucky-red-shang-chuan-feng-shui-wallpaper\index.zh.html -> wallpaper\fortune-awaits-lucky-red-shang-chuan-feng-shui-wallpaper\index.zh/index.html
  wallpaper\golden-auspicious-deer-wallpaper-lucky-feng-shui-design\index.zh.html -> wallpaper\golden-auspicious-deer-wallpaper-lucky-feng-shui-design\index.zh/index.html
  wallpaper\golden-bell-key-lucky-wallpaper-feng-shui-phone-background\index.zh.html -> wallpaper\golden-bell-key-lucky-wallpaper-feng-shui-phone-background\index.zh/index.html
  wallpaper\golden-carp-lotus-feng-shui-wallpaper-luck-prosperity\index.zh.html -> wallpaper\golden-carp-lotus-feng-shui-wallpaper-luck-prosperity\index.zh/index.html
  wallpaper\golden-cascade-feng-shui-wallpaper\index.zh.html -> wallpaper\golden-cascade-feng-shui-wallpaper\index.zh/index.html
  wallpaper\golden-dragon-talisman-wallpaper-lucky-feng-shui-design\index.zh.html -> wallpaper\golden-dragon-talisman-wallpaper-lucky-feng-shui-design\index.zh/index.html
  wallpaper\golden-dragon-talisman-wallpaper-lucky-feng-shui-design-2\index.zh.html -> wallpaper\golden-dragon-talisman-wallpaper-lucky-feng-shui-design-2\index.zh/index.html
  wallpaper\golden-eight-directions-wealth-wallpaper-feng-shui-harmony\index.zh.html -> wallpaper\golden-eight-directions-wealth-wallpaper-feng-shui-harmony\index.zh/index.html
  wallpaper\golden-feng-shui-mountain-wallpaper-luck-prosperity\index.zh.html -> wallpaper\golden-feng-shui-mountain-wallpaper-luck-prosperity\index.zh/index.html
  wallpaper\golden-fire-azure-water-fusion-wallpaper\index.zh.html -> wallpaper\golden-fire-azure-water-fusion-wallpaper\index.zh/index.html
  wallpaper\golden-gourd-feng-shui-wallpaper\index.zh.html -> wallpaper\golden-gourd-feng-shui-wallpaper\index.zh/index.html
  wallpaper\golden-gourd-feng-shui-wallpaper-lucky-phone-background\index.zh.html -> wallpaper\golden-gourd-feng-shui-wallpaper-lucky-phone-background\index.zh/index.html
  wallpaper\golden-gourd-talisman-wallpaper-feng-shui-luck\index.zh.html -> wallpaper\golden-gourd-talisman-wallpaper-feng-shui-luck\index.zh/index.html
  wallpaper\golden-key-energy-wallpaper-unlock-potential\index.zh.html -> wallpaper\golden-key-energy-wallpaper-unlock-potential\index.zh/index.html
  wallpaper\golden-mountain-energy-wallpaper\index.zh.html -> wallpaper\golden-mountain-energy-wallpaper\index.zh/index.html
  wallpaper\golden-mountain-feng-shui-wallpaper\index.zh.html -> wallpaper\golden-mountain-feng-shui-wallpaper\index.zh/index.html
  wallpaper\golden-mountain-river-wallpaper-feng-shui-harmony\index.zh.html -> wallpaper\golden-mountain-river-wallpaper-feng-shui-harmony\index.zh/index.html
  wallpaper\golden-mountain-scroll-wallpaper-feng-shui-design\index.zh.html -> wallpaper\golden-mountain-scroll-wallpaper-feng-shui-design\index.zh/index.html
  wallpaper\golden-mountain-sunrise-wallpaper-feng-shui-lucky-design\index.zh.html -> wallpaper\golden-mountain-sunrise-wallpaper-feng-shui-lucky-design\index.zh/index.html
  wallpaper\golden-om-energy-wallpaper-sacred-geometry-phone-background\index.zh.html -> wallpaper\golden-om-energy-wallpaper-sacred-geometry-phone-background\index.zh/index.html
  wallpaper\golden-peony-feng-shui-wallpaper-luck-prosperity\index.zh.html -> wallpaper\golden-peony-feng-shui-wallpaper-luck-prosperity\index.zh/index.html
  wallpaper\golden-pig-talisman-wallpaper-lucky-feng-shui-design\index.zh.html -> wallpaper\golden-pig-talisman-wallpaper-lucky-feng-shui-design\index.zh/index.html
  wallpaper\golden-pig-zodiac-wallpaper-lucky-chinese-new-year-design\index.zh.html -> wallpaper\golden-pig-zodiac-wallpaper-lucky-chinese-new-year-design\index.zh/index.html
  wallpaper\golden-rooster-talisman-wallpaper-lucky-chinese-zodiac\index.zh.html -> wallpaper\golden-rooster-talisman-wallpaper-lucky-chinese-zodiac\index.zh/index.html
  wallpaper\golden-sacred-geometry-wallpaper-blue-energy-vibe\index.zh.html -> wallpaper\golden-sacred-geometry-wallpaper-blue-energy-vibe\index.zh/index.html
  wallpaper\golden-sheep-zodiac-wallpaper-lucky-chinese-new-year-design\index.zh.html -> wallpaper\golden-sheep-zodiac-wallpaper-lucky-chinese-new-year-design\index.zh/index.html
  wallpaper\golden-stream-feng-shui-wallpaper\index.zh.html -> wallpaper\golden-stream-feng-shui-wallpaper\index.zh/index.html
  wallpaper\golden-sunset-beach-wallpaper\index.zh.html -> wallpaper\golden-sunset-beach-wallpaper\index.zh/index.html
  wallpaper\golden-tiger-talisman-wallpaper-lucky-chinese-zodiac\index.zh.html -> wallpaper\golden-tiger-talisman-wallpaper-lucky-chinese-zodiac\index.zh/index.html
  wallpaper\golden-wealth-talisman-wallpaper-feng-shui-lucky-design\index.zh.html -> wallpaper\golden-wealth-talisman-wallpaper-feng-shui-lucky-design\index.zh/index.html
  wallpaper\golden-wealth-talisman-wallpaper-lucky-phone-background\index.zh.html -> wallpaper\golden-wealth-talisman-wallpaper-lucky-phone-background\index.zh/index.html
  wallpaper\golden-wheat-lucky-wallpaper-feng-shui-phone-background\index.zh.html -> wallpaper\golden-wheat-lucky-wallpaper-feng-shui-phone-background\index.zh/index.html
  wallpaper\jade-gourd-feng-shui-wallpaper\index.zh.html -> wallpaper\jade-gourd-feng-shui-wallpaper\index.zh/index.html
  wallpaper\lotus-bloom-feng-shui-wallpaper-harmonize-space\index.zh.html -> wallpaper\lotus-bloom-feng-shui-wallpaper-harmonize-space\index.zh/index.html
  wallpaper\lotus-flower-feng-shui-wallpaper-harmonize-space\index.zh.html -> wallpaper\lotus-flower-feng-shui-wallpaper-harmonize-space\index.zh/index.html
  wallpaper\lucky-chinese-zodiac-horse-wallpaper-phone-background\index.zh.html -> wallpaper\lucky-chinese-zodiac-horse-wallpaper-phone-background\index.zh/index.html
  wallpaper\lucky-dog-year-wallpaper-chinese-zodiac-fortune\index.zh.html -> wallpaper\lucky-dog-year-wallpaper-chinese-zodiac-fortune\index.zh/index.html
  wallpaper\lucky-feng-shui-wallpaper-celestial-wealth-vessel\index.zh.html -> wallpaper\lucky-feng-shui-wallpaper-celestial-wealth-vessel\index.zh/index.html
  wallpaper\lucky-four-leaf-clover-wallpaper\index.zh.html -> wallpaper\lucky-four-leaf-clover-wallpaper\index.zh/index.html
  wallpaper\lucky-peach-wallpaper-good-fortune-continues\index.zh.html -> wallpaper\lucky-peach-wallpaper-good-fortune-continues\index.zh/index.html
  wallpaper\lucky-pixiu-wallpaper-feng-shui-fortune-guardian\index.zh.html -> wallpaper\lucky-pixiu-wallpaper-feng-shui-fortune-guardian\index.zh/index.html
  wallpaper\lucky-rabbit-chinese-zodiac-wallpaper-phone-background\index.zh.html -> wallpaper\lucky-rabbit-chinese-zodiac-wallpaper-phone-background\index.zh/index.html
  wallpaper\lucky-tiger-talisman-wallpaper-feng-shui-harmony\index.zh.html -> wallpaper\lucky-tiger-talisman-wallpaper-feng-shui-harmony\index.zh/index.html
  wallpaper\lucky-wallpaper-get-rich-love-yourself-prosper\index.zh.html -> wallpaper\lucky-wallpaper-get-rich-love-yourself-prosper\index.zh/index.html
  wallpaper\lucky-wealth-god-wallpaper-feng-shui-phone-background\index.zh.html -> wallpaper\lucky-wealth-god-wallpaper-feng-shui-phone-background\index.zh/index.html
  wallpaper\magical-unicorn-wallpaper-fairy-wings-celestial-door\index.zh.html -> wallpaper\magical-unicorn-wallpaper-fairy-wings-celestial-door\index.zh/index.html
  wallpaper\matterhorn-feng-shui-wallpaper\index.zh.html -> wallpaper\matterhorn-feng-shui-wallpaper\index.zh/index.html
  wallpaper\moonlit-fairy-wallpaper\index.zh.html -> wallpaper\moonlit-fairy-wallpaper\index.zh/index.html
  wallpaper\moonlit-fantasy-wallpaper-celestial-energy-starlight\index.zh.html -> wallpaper\moonlit-fantasy-wallpaper-celestial-energy-starlight\index.zh/index.html
  wallpaper\mountain-peak-feng-shui-wallpaper\index.zh.html -> wallpaper\mountain-peak-feng-shui-wallpaper\index.zh/index.html
  wallpaper\mystical-blue-landscape-wallpaper-feng-shui-design\index.zh.html -> wallpaper\mystical-blue-landscape-wallpaper-feng-shui-design\index.zh/index.html
  wallpaper\mystical-chinese-talisman-wallpaper-luck-prosperity\index.zh.html -> wallpaper\mystical-chinese-talisman-wallpaper-luck-prosperity\index.zh/index.html
  wallpaper\mystical-dragon-feng-shui-wallpaper-phone-background\index.zh.html -> wallpaper\mystical-dragon-feng-shui-wallpaper-phone-background\index.zh/index.html
  wallpaper\mystical-mountain-landscape-wallpaper-feng-shui\index.zh.html -> wallpaper\mystical-mountain-landscape-wallpaper-feng-shui\index.zh/index.html
  wallpaper\mystical-mountain-landscape-wallpaper-feng-shui-design\index.zh.html -> wallpaper\mystical-mountain-landscape-wallpaper-feng-shui-design\index.zh/index.html
  wallpaper\mystical-tree-life-wallpaper-feng-shui-phone-background\index.zh.html -> wallpaper\mystical-tree-life-wallpaper-feng-shui-phone-background\index.zh/index.html
  wallpaper\mythical-dragon-feng-shui-wallpaper-luck-prosperity\index.zh.html -> wallpaper\mythical-dragon-feng-shui-wallpaper-luck-prosperity\index.zh/index.html
  wallpaper\natures-serenity-green-forest-lake-wallpaper\index.zh.html -> wallpaper\natures-serenity-green-forest-lake-wallpaper\index.zh/index.html
  wallpaper\nine-tailed-fox-lucky-wallpaper-fire-element-energy\index.zh.html -> wallpaper\nine-tailed-fox-lucky-wallpaper-fire-element-energy\index.zh/index.html
  wallpaper\nine-tailed-fox-lucky-wallpaper-fire-element-energy-2\index.zh.html -> wallpaper\nine-tailed-fox-lucky-wallpaper-fire-element-energy-2\index.zh/index.html
  wallpaper\nine-tailed-fox-lucky-wallpaper-fire-element-energy-3\index.zh.html -> wallpaper\nine-tailed-fox-lucky-wallpaper-fire-element-energy-3\index.zh/index.html
  wallpaper\north-star-talisman-wallpaper-feng-shui-luck\index.zh.html -> wallpaper\north-star-talisman-wallpaper-feng-shui-luck\index.zh/index.html
  wallpaper\om-symbol-sacred-geometry-wallpaper-energy-vibration\index.zh.html -> wallpaper\om-symbol-sacred-geometry-wallpaper-energy-vibration\index.zh/index.html
  wallpaper\peaceful-apple-wallpaper-lucky-phone-background\index.zh.html -> wallpaper\peaceful-apple-wallpaper-lucky-phone-background\index.zh/index.html
  wallpaper\peaceful-lotus-monk-wallpaper\index.zh.html -> wallpaper\peaceful-lotus-monk-wallpaper\index.zh/index.html
  wallpaper\phoenix-goddess-wallpaper\index.zh.html -> wallpaper\phoenix-goddess-wallpaper\index.zh/index.html
  wallpaper\pink-candle-energy-wallpaper-spiritual-glow\index.zh.html -> wallpaper\pink-candle-energy-wallpaper-spiritual-glow\index.zh/index.html
  wallpaper\pink-lotus-talisman-wallpaper-luck-prosperity\index.zh.html -> wallpaper\pink-lotus-talisman-wallpaper-luck-prosperity\index.zh/index.html
  wallpaper\prosperity-pomegranates-feng-shui-wallpaper-lucky-phone-background\index.zh.html -> wallpaper\prosperity-pomegranates-feng-shui-wallpaper-lucky-phone-background\index.zh/index.html
  wallpaper\purple-feng-shui-cauldron-wallpaper-lucky-phone-background\index.zh.html -> wallpaper\purple-feng-shui-cauldron-wallpaper-lucky-phone-background\index.zh/index.html
  wallpaper\purple-qi-arrival-feng-shui-wallpaper-phone-background\index.zh.html -> wallpaper\purple-qi-arrival-feng-shui-wallpaper-phone-background\index.zh/index.html
  wallpaper\radiant-heart-butterflies-lucky-wallpaper\index.zh.html -> wallpaper\radiant-heart-butterflies-lucky-wallpaper\index.zh/index.html
  wallpaper\sacred-fire-lotus-wallpaper-lucky-phone-background\index.zh.html -> wallpaper\sacred-fire-lotus-wallpaper-lucky-phone-background\index.zh/index.html
  wallpaper\sacred-geometry-energy-wallpaper-phone-background\index.zh.html -> wallpaper\sacred-geometry-energy-wallpaper-phone-background\index.zh/index.html
  wallpaper\sacred-geometry-energy-wallpaper-phone-background-2\index.zh.html -> wallpaper\sacred-geometry-energy-wallpaper-phone-background-2\index.zh/index.html
  wallpaper\sacred-geometry-floral-energy-wallpaper-phone\index.zh.html -> wallpaper\sacred-geometry-floral-energy-wallpaper-phone\index.zh/index.html
  wallpaper\sacred-geometry-mandala-mountain-energy-wallpaper\index.zh.html -> wallpaper\sacred-geometry-mandala-mountain-energy-wallpaper\index.zh/index.html
  wallpaper\sacred-geometry-talisman-wallpaper-energy-vibration\index.zh.html -> wallpaper\sacred-geometry-talisman-wallpaper-energy-vibration\index.zh/index.html
  wallpaper\sacred-mantra-scroll-wallpaper-divine-energy-protection\index.zh.html -> wallpaper\sacred-mantra-scroll-wallpaper-divine-energy-protection\index.zh/index.html
  wallpaper\sacred-mountain-mandala-wallpaper-energy-ascension\index.zh.html -> wallpaper\sacred-mountain-mandala-wallpaper-energy-ascension\index.zh/index.html
  wallpaper\sacred-tree-feng-shui-wallpaper-lucky-phone-background\index.zh.html -> wallpaper\sacred-tree-feng-shui-wallpaper-lucky-phone-background\index.zh/index.html
  wallpaper\sacred-tree-feng-shui-wallpaper-lucky-phone-background-2\index.zh.html -> wallpaper\sacred-tree-feng-shui-wallpaper-lucky-phone-background-2\index.zh/index.html
  wallpaper\starseed-energy-wallpaper\index.zh.html -> wallpaper\starseed-energy-wallpaper\index.zh/index.html
  wallpaper\zhi-zu-chang-le-lucky-wallpaper-serenity-harmony\index.zh.html -> wallpaper\zhi-zu-chang-le-lucky-wallpaper-serenity-harmony\index.zh/index.html
  wallpaper-detail.html -> wallpaper-detail/index.html
  wallpaper.html -> wallpaper/index.html
  yi-wood-may-2026-medium.html -> yi-wood-may-2026-medium/index.html
  zh\blog\10-home-feng-shui-hacks-that-actually-work-backed-by-energy-psychology.html -> zh\blog\10-home-feng-shui-hacks-that-actually-work-backed-by-energy-psychology/index.html
  zh\blog\3-places-to-visit-when-bad-luck.html -> zh\blog\3-places-to-visit-when-bad-luck/index.html
  zh\blog\auspicious-date-selection-a-practical-guide.html -> zh\blog\auspicious-date-selection-a-practical-guide/index.html
  zh\blog\bazi-10-day-masters-guide.html -> zh\blog\bazi-10-day-masters-guide/index.html
  zh\blog\bazi-10-year-luck-cycles-guide.html -> zh\blog\bazi-10-year-luck-cycles-guide/index.html
  zh\blog\bazi-astrology.html -> zh\blog\bazi-astrology/index.html
  zh\blog\bazi-ten-gods-friendship-patterns.html -> zh\blog\bazi-ten-gods-friendship-patterns/index.html
  zh\blog\ben-ming-nian-why-your-zodiac-year-matters-in-bazi.html -> zh\blog\ben-ming-nian-why-your-zodiac-year-matters-in-bazi/index.html
  zh\blog\birth-hours-wealth-personalities-a-western-friendly-guide.html -> zh\blog\birth-hours-wealth-personalities-a-western-friendly-guide/index.html
  zh\blog\chinese-zodiac-daily-forecast-thursday-april-16-2026.html -> zh\blog\chinese-zodiac-daily-forecast-thursday-april-16-2026/index.html
  zh\blog\door-facing-door-feng-shui-energy-clash.html -> zh\blog\door-facing-door-feng-shui-energy-clash/index.html
  zh\blog\elon-musk-bazi-chart-analysis.html -> zh\blog\elon-musk-bazi-chart-analysis/index.html
  zh\blog\feng-shui-4-items-dont-replace.html -> zh\blog\feng-shui-4-items-dont-replace/index.html
  zh\blog\feng-shui-headboard-placement-5-rules.html -> zh\blog\feng-shui-headboard-placement-5-rules/index.html
  zh\blog\feng-shui-home-office-7-rules.html -> zh\blog\feng-shui-home-office-7-rules/index.html
  zh\blog\feng-shui-tips-before-buying-house.html -> zh\blog\feng-shui-tips-before-buying-house/index.html
  zh\blog\feng-shui.html -> zh\blog\feng-shui/index.html
  zh\blog\five-elements-theory-wu-xing-guide.html -> zh\blog\five-elements-theory-wu-xing-guide/index.html
  zh\blog\five-virtues-five-elements.html -> zh\blog\five-virtues-five-elements/index.html
  zh\blog\heavenly-stems-compatibility-love-match.html -> zh\blog\heavenly-stems-compatibility-love-match/index.html
  zh\blog\how-to-choose-the-best-date-for-any-important-life-event.html -> zh\blog\how-to-choose-the-best-date-for-any-important-life-event/index.html
  zh\blog\how-to-choose-your-phone-wallpaper-using-chinese-five-elements.html -> zh\blog\how-to-choose-your-phone-wallpaper-using-chinese-five-elements/index.html
  zh\blog\how-to-read-bazi-chart.html -> zh\blog\how-to-read-bazi-chart/index.html
  zh\blog\is-bazi-real-skeptics-guide.html -> zh\blog\is-bazi-real-skeptics-guide/index.html
  zh\blog\is-weak-day-master-bad-bazi.html -> zh\blog\is-weak-day-master-bad-bazi/index.html
  zh\blog\jia-wu-month-2026-best-day-masters.html -> zh\blog\jia-wu-month-2026-best-day-masters/index.html
  zh\blog\jia-wu-month-june-2026-fire-energy-warning.html -> zh\blog\jia-wu-month-june-2026-fire-energy-warning/index.html
  zh\blog\learn-bazi-free-course.html -> zh\blog\learn-bazi-free-course/index.html
  zh\blog\love-prediction-by-date-of-birth.html -> zh\blog\love-prediction-by-date-of-birth/index.html
  zh\blog\seven-killings-bazi-wealth-star.html -> zh\blog\seven-killings-bazi-wealth-star/index.html
  zh\blog\she-was-36-divorced-bazi-love-story.html -> zh\blog\she-was-36-divorced-bazi-love-story/index.html
  zh\blog\teach-yourself-bazi-guide.html -> zh\blog\teach-yourself-bazi-guide/index.html
  zh\blog\the-mbti-alternative-angle.html -> zh\blog\the-mbti-alternative-angle/index.html
  zh\blog\toxic-relationship-energy-bazi-compatibility.html -> zh\blog\toxic-relationship-energy-bazi-compatibility/index.html
  zh\blog\trump-bazi-fire-earth.html -> zh\blog\trump-bazi-fire-earth/index.html
  zh\blog\what-is-bazi-beginners-guide.html -> zh\blog\what-is-bazi-beginners-guide/index.html
  zh\blog\when-will-i-find-love.html -> zh\blog\when-will-i-find-love/index.html
  zh\blog\where-will-i-meet-my-soulmate.html -> zh\blog\where-will-i-meet-my-soulmate/index.html
  zh\blog\why-am-i-depressed-bazi-cycles-10-year-luck-periods-explained.html -> zh\blog\why-am-i-depressed-bazi-cycles-10-year-luck-periods-explained/index.html
  zh\blog\yi-wood-may-2026-gui-si-month.html -> zh\blog\yi-wood-may-2026-gui-si-month/index.html
  zh\blog\zodiac-horoscope.html -> zh\blog\zodiac-horoscope/index.html
  zh\blog\zodiac-reading-vs-bazi.html -> zh\blog\zodiac-reading-vs-bazi/index.html
  zodiac\dog-en.html -> zodiac\dog-en/index.html
  zodiac\dog.html -> zodiac\dog/index.html
  zodiac\dragon-en.html -> zodiac\dragon-en/index.html
  zodiac\dragon.html -> zodiac\dragon/index.html
  zodiac\goat-en.html -> zodiac\goat-en/index.html
  zodiac\goat.html -> zodiac\goat/index.html
  zodiac\horse-en.html -> zodiac\horse-en/index.html
  zodiac\horse.html -> zodiac\horse/index.html
  zodiac\monkey-en.html -> zodiac\monkey-en/index.html
  zodiac\monkey.html -> zodiac\monkey/index.html
  zodiac\ox-en.html -> zodiac\ox-en/index.html
  zodiac\ox.html -> zodiac\ox/index.html
  zodiac\pig-en.html -> zodiac\pig-en/index.html
  zodiac\pig.html -> zodiac\pig/index.html
  zodiac\rabbit-en.html -> zodiac\rabbit-en/index.html
  zodiac\rabbit.html -> zodiac\rabbit/index.html
  zodiac\rat-en.html -> zodiac\rat-en/index.html
  zodiac\rat.html -> zodiac\rat/index.html
  zodiac\rooster-en.html -> zodiac\rooster-en/index.html
  zodiac\rooster.html -> zodiac\rooster/index.html
  zodiac\snake-en.html -> zodiac\snake-en/index.html
  zodiac\snake.html -> zodiac\snake/index.html
  zodiac\tiger-en.html -> zodiac\tiger-en/index.html
  zodiac\tiger.html -> zodiac\tiger/index.html
  zodiac\zodiac-daily.html -> zodiac\zodiac-daily/index.html
  zodiac\zodiac-detail.html -> zodiac\zodiac-detail/index.html
  ✅ Clean URLs: 295 created, 0 skipped (already exist)
Notifying IndexNow...
  ✅ IndexNow notified: 393 URLs pushed to Bing/Yandex/Naver
=== Blog Build Complete ===
Syncing static pages...
  ✅ wallpaper/ → dist/wallpaper/
  ✅ wallpaper.html → dist/
  ✅ login.html → dist/
  ✅ zodiac/zodiac-daily.html → dist/
  ✅ js/auth.js → dist/js/
  ✅ js/zodiac-bottom-wallpaper.js → dist/js/
  ✅ js/zodiac-detail-wallpaper.js → dist/js/
  ✅ js/almanac-wallpaper-recommendation.js → dist/js/
  ✅ js/soulmate-wallpaper-recommendation.js → dist/js/
  ✅ js/bazi-wallpaper-recommendation.js → dist/js/
  ✅ js/favorable-element-wallpaper-recommendation.js → dist/js/
✅ 博客页重建成功
变更文件:
 M dist/sitemap.xml

⚠️  Git 操作失败: Command failed: git commit -m "chore: 2026-06-07 daily horoscope update + rebuild"

══════════════════════════════════════════════════
❌ 部署失败通知
══════════════════════════════════════════════════
[部署失败] 2026-06-07
原因: Git 操作异常
详情: Command failed: git commit -m "chore: 2026-06-07 daily horoscope update + rebuild"
══════════════════════════════════════════════════


═════════════════════════════════════════════
📋 部署验证清单（上线后请检查）
═════════════════════════════════════════════
   聚合页: https://www.daoessentia.com/zodiac/zodiac-daily
     → 12张卡片是否全部显示插图（无emoji占位符）？
     → 标题上方是否显示今日日期？
     → 每张卡片是否有星星评分？
   详情页: https://www.daoessentia.com/zodiac/rat-en
     → 日期是否为今日（2026-06-07）？
     → 分数是否为当日运势分数？
   聚合页和详情页数据是否一致？
═════════════════════════════════════════════


✅ [2026-06-07] 每日运势全自动部署完成！

[周日 2026/06/07  2:05:29.13] SUCCESS 
[周日 2026/06/07  2:05:29.15] DaoEssence Daily Horoscope End 
